,A,B,Du,Dv
0,1.0,0.6,1,7.0
1,1.0,0.6,1,11.0
2,1.0,0.6615384615384615,1,7.0
3,1.0,0.6615384615384615,1,11.0
4,1.0,0.7230769230769231,1,7.0
5,1.0,0.7230769230769231,1,11.0
6,1.0,0.7846153846153846,1,7.0
7,1.0,0.7846153846153846,1,11.0
8,1.0,0.8461538461538461,1,7.0
9,1.0,0.8461538461538461,1,11.0
10,1.0,0.9076923076923076,1,7.0
11,1.0,0.9076923076923076,1,11.0
12,1.0,0.9692307692307691,1,7.0
13,1.0,0.9692307692307691,1,11.0
14,1.0,1.0307692307692307,1,7.0
15,1.0,1.0307692307692307,1,11.0
16,1.0,1.0923076923076922,1,7.0
17,1.0,1.0923076923076922,1,11.0
18,1.0,1.1538461538461537,1,7.0
19,1.0,1.1538461538461537,1,11.0
20,1.0,1.2153846153846153,1,7.0
21,1.0,1.2153846153846153,1,11.0
22,1.0,1.2769230769230768,1,7.0
23,1.0,1.2769230769230768,1,11.0
24,1.0,1.3384615384615384,1,7.0
25,1.0,1.3384615384615384,1,11.0
26,1.0,1.4,1,7.0
27,1.0,1.4,1,11.0
28,1.0,1.4615384615384615,1,7.0
29,1.0,1.4615384615384615,1,11.0
30,1.0,1.523076923076923,1,7.0
31,1.0,1.523076923076923,1,11.0
32,1.0,1.5846153846153845,1,7.0
33,1.0,1.5846153846153845,1,11.0
34,1.0,1.646153846153846,1,7.0
35,1.0,1.646153846153846,1,11.0
36,1.0,1.7076923076923074,1,7.0
37,1.0,1.7076923076923074,1,11.0
38,1.0,1.7692307692307692,1,7.0
39,1.0,1.7692307692307692,1,11.0
40,1.0,1.8307692307692305,1,7.0
41,1.0,1.8307692307692305,1,11.0
42,1.0,1.8923076923076922,1,7.0
43,1.0,1.8923076923076922,1,11.0
44,1.0,1.9538461538461536,1,7.0
45,1.0,1.9538461538461536,1,11.0
46,1.0,2.0153846153846153,1,7.0
47,1.0,2.0153846153846153,1,11.0
48,1.0,2.0769230769230766,1,7.0
49,1.0,2.0769230769230766,1,11.0
50,1.0,2.1384615384615384,1,7.0
51,1.0,2.1384615384615384,1,11.0
52,1.0,2.1999999999999997,1,7.0
53,1.0,2.1999999999999997,1,11.0
54,1.0,2.2615384615384615,1,7.0
55,1.0,2.2615384615384615,1,11.0
56,1.0,2.323076923076923,1,7.0
57,1.0,2.323076923076923,1,11.0
58,1.0,2.3846153846153846,1,7.0
59,1.0,2.3846153846153846,1,11.0
60,1.0,2.446153846153846,1,7.0
61,1.0,2.446153846153846,1,11.0
62,1.0,2.5076923076923077,1,7.0
63,1.0,2.5076923076923077,1,11.0
64,1.0,2.569230769230769,1,7.0
65,1.0,2.569230769230769,1,11.0
66,1.0,2.6307692307692307,1,7.0
67,1.0,2.6307692307692307,1,11.0
68,1.0,2.692307692307692,1,7.0
69,1.0,2.692307692307692,1,11.0
70,1.0,2.753846153846154,1,7.0
71,1.0,2.753846153846154,1,11.0
72,1.0,2.815384615384615,1,7.0
73,1.0,2.815384615384615,1,11.0
74,1.0,2.876923076923077,1,7.0
75,1.0,2.876923076923077,1,11.0
76,1.0,2.9384615384615382,1,7.0
77,1.0,2.9384615384615382,1,11.0
78,1.0,3.0,1,7.0
79,1.0,3.0,1,11.0
80,1.1153846153846154,0.6692307692307692,1,7.0
81,1.1153846153846154,0.6692307692307692,1,11.0
82,1.1153846153846154,0.737869822485207,1,7.0
83,1.1153846153846154,0.737869822485207,1,11.0
84,1.1153846153846154,0.806508875739645,1,7.0
85,1.1153846153846154,0.806508875739645,1,11.0
86,1.1153846153846154,0.8751479289940829,1,7.0
87,1.1153846153846154,0.8751479289940829,1,11.0
88,1.1153846153846154,0.9437869822485208,1,7.0
89,1.1153846153846154,0.9437869822485208,1,11.0
90,1.1153846153846154,1.0124260355029584,1,7.0
91,1.1153846153846154,1.0124260355029584,1,11.0
92,1.1153846153846154,1.0810650887573963,1,7.0
93,1.1153846153846154,1.0810650887573963,1,11.0
94,1.1153846153846154,1.1497041420118341,1,7.0
95,1.1153846153846154,1.1497041420118341,1,11.0
96,1.1153846153846154,1.2183431952662722,1,7.0
97,1.1153846153846154,1.2183431952662722,1,11.0
98,1.1153846153846154,1.28698224852071,1,7.0
99,1.1153846153846154,1.28698224852071,1,11.0
100,1.1153846153846154,1.355621301775148,1,7.0
101,1.1153846153846154,1.355621301775148,1,11.0
102,1.1153846153846154,1.4242603550295858,1,7.0
103,1.1153846153846154,1.4242603550295858,1,11.0
104,1.1153846153846154,1.4928994082840237,1,7.0
105,1.1153846153846154,1.4928994082840237,1,11.0
106,1.1153846153846154,1.5615384615384615,1,7.0
107,1.1153846153846154,1.5615384615384615,1,11.0
108,1.1153846153846154,1.6301775147928994,1,7.0
109,1.1153846153846154,1.6301775147928994,1,11.0
110,1.1153846153846154,1.6988165680473373,1,7.0
111,1.1153846153846154,1.6988165680473373,1,11.0
112,1.1153846153846154,1.7674556213017751,1,7.0
113,1.1153846153846154,1.7674556213017751,1,11.0
114,1.1153846153846154,1.836094674556213,1,7.0
115,1.1153846153846154,1.836094674556213,1,11.0
116,1.1153846153846154,1.9047337278106506,1,7.0
117,1.1153846153846154,1.9047337278106506,1,11.0
118,1.1153846153846154,1.9733727810650887,1,7.0
119,1.1153846153846154,1.9733727810650887,1,11.0
120,1.1153846153846154,2.0420118343195264,1,7.0
121,1.1153846153846154,2.0420118343195264,1,11.0
122,1.1153846153846154,2.1106508875739647,1,7.0
123,1.1153846153846154,2.1106508875739647,1,11.0
124,1.1153846153846154,2.179289940828402,1,7.0
125,1.1153846153846154,2.179289940828402,1,11.0
126,1.1153846153846154,2.2479289940828404,1,7.0
127,1.1153846153846154,2.2479289940828404,1,11.0
128,1.1153846153846154,2.316568047337278,1,7.0
129,1.1153846153846154,2.316568047337278,1,11.0
130,1.1153846153846154,2.385207100591716,1,7.0
131,1.1153846153846154,2.385207100591716,1,11.0
132,1.1153846153846154,2.4538461538461536,1,7.0
133,1.1153846153846154,2.4538461538461536,1,11.0
134,1.1153846153846154,2.522485207100592,1,7.0
135,1.1153846153846154,2.522485207100592,1,11.0
136,1.1153846153846154,2.5911242603550293,1,7.0
137,1.1153846153846154,2.5911242603550293,1,11.0
138,1.1153846153846154,2.6597633136094676,1,7.0
139,1.1153846153846154,2.6597633136094676,1,11.0
140,1.1153846153846154,2.728402366863905,1,7.0
141,1.1153846153846154,2.728402366863905,1,11.0
142,1.1153846153846154,2.7970414201183433,1,7.0
143,1.1153846153846154,2.7970414201183433,1,11.0
144,1.1153846153846154,2.8656804733727808,1,7.0
145,1.1153846153846154,2.8656804733727808,1,11.0
146,1.1153846153846154,2.934319526627219,1,7.0
147,1.1153846153846154,2.934319526627219,1,11.0
148,1.1153846153846154,3.0029585798816565,1,7.0
149,1.1153846153846154,3.0029585798816565,1,11.0
150,1.1153846153846154,3.071597633136095,1,7.0
151,1.1153846153846154,3.071597633136095,1,11.0
152,1.1153846153846154,3.140236686390532,1,7.0
153,1.1153846153846154,3.140236686390532,1,11.0
154,1.1153846153846154,3.2088757396449705,1,7.0
155,1.1153846153846154,3.2088757396449705,1,11.0
156,1.1153846153846154,3.277514792899408,1,7.0
157,1.1153846153846154,3.277514792899408,1,11.0
158,1.1153846153846154,3.3461538461538463,1,7.0
159,1.1153846153846154,3.3461538461538463,1,11.0
160,1.2307692307692308,0.7384615384615385,1,7.0
161,1.2307692307692308,0.7384615384615385,1,11.0
162,1.2307692307692308,0.8142011834319527,1,7.0
163,1.2307692307692308,0.8142011834319527,1,11.0
164,1.2307692307692308,0.8899408284023669,1,7.0
165,1.2307692307692308,0.8899408284023669,1,11.0
166,1.2307692307692308,0.9656804733727811,1,7.0
167,1.2307692307692308,0.9656804733727811,1,11.0
168,1.2307692307692308,1.0414201183431953,1,7.0
169,1.2307692307692308,1.0414201183431953,1,11.0
170,1.2307692307692308,1.1171597633136094,1,7.0
171,1.2307692307692308,1.1171597633136094,1,11.0
172,1.2307692307692308,1.1928994082840236,1,7.0
173,1.2307692307692308,1.1928994082840236,1,11.0
174,1.2307692307692308,1.2686390532544378,1,7.0
175,1.2307692307692308,1.2686390532544378,1,11.0
176,1.2307692307692308,1.344378698224852,1,7.0
177,1.2307692307692308,1.344378698224852,1,11.0
178,1.2307692307692308,1.4201183431952662,1,7.0
179,1.2307692307692308,1.4201183431952662,1,11.0
180,1.2307692307692308,1.4958579881656804,1,7.0
181,1.2307692307692308,1.4958579881656804,1,11.0
182,1.2307692307692308,1.5715976331360946,1,7.0
183,1.2307692307692308,1.5715976331360946,1,11.0
184,1.2307692307692308,1.6473372781065088,1,7.0
185,1.2307692307692308,1.6473372781065088,1,11.0
186,1.2307692307692308,1.7230769230769232,1,7.0
187,1.2307692307692308,1.7230769230769232,1,11.0
188,1.2307692307692308,1.7988165680473374,1,7.0
189,1.2307692307692308,1.7988165680473374,1,11.0
190,1.2307692307692308,1.8745562130177515,1,7.0
191,1.2307692307692308,1.8745562130177515,1,11.0
192,1.2307692307692308,1.9502958579881657,1,7.0
193,1.2307692307692308,1.9502958579881657,1,11.0
194,1.2307692307692308,2.02603550295858,1,7.0
195,1.2307692307692308,2.02603550295858,1,11.0
196,1.2307692307692308,2.101775147928994,1,7.0
197,1.2307692307692308,2.101775147928994,1,11.0
198,1.2307692307692308,2.1775147928994083,1,7.0
199,1.2307692307692308,2.1775147928994083,1,11.0
200,1.2307692307692308,2.2532544378698223,1,7.0
201,1.2307692307692308,2.2532544378698223,1,11.0
202,1.2307692307692308,2.3289940828402367,1,7.0
203,1.2307692307692308,2.3289940828402367,1,11.0
204,1.2307692307692308,2.4047337278106506,1,7.0
205,1.2307692307692308,2.4047337278106506,1,11.0
206,1.2307692307692308,2.480473372781065,1,7.0
207,1.2307692307692308,2.480473372781065,1,11.0
208,1.2307692307692308,2.556213017751479,1,7.0
209,1.2307692307692308,2.556213017751479,1,11.0
210,1.2307692307692308,2.6319526627218934,1,7.0
211,1.2307692307692308,2.6319526627218934,1,11.0
212,1.2307692307692308,2.7076923076923074,1,7.0
213,1.2307692307692308,2.7076923076923074,1,11.0
214,1.2307692307692308,2.783431952662722,1,7.0
215,1.2307692307692308,2.783431952662722,1,11.0
216,1.2307692307692308,2.8591715976331358,1,7.0
217,1.2307692307692308,2.8591715976331358,1,11.0
218,1.2307692307692308,2.9349112426035506,1,7.0
219,1.2307692307692308,2.9349112426035506,1,11.0
220,1.2307692307692308,3.010650887573964,1,7.0
221,1.2307692307692308,3.010650887573964,1,11.0
222,1.2307692307692308,3.086390532544379,1,7.0
223,1.2307692307692308,3.086390532544379,1,11.0
224,1.2307692307692308,3.162130177514793,1,7.0
225,1.2307692307692308,3.162130177514793,1,11.0
226,1.2307692307692308,3.2378698224852074,1,7.0
227,1.2307692307692308,3.2378698224852074,1,11.0
228,1.2307692307692308,3.3136094674556213,1,7.0
229,1.2307692307692308,3.3136094674556213,1,11.0
230,1.2307692307692308,3.3893491124260358,1,7.0
231,1.2307692307692308,3.3893491124260358,1,11.0
232,1.2307692307692308,3.4650887573964497,1,7.0
233,1.2307692307692308,3.4650887573964497,1,11.0
234,1.2307692307692308,3.540828402366864,1,7.0
235,1.2307692307692308,3.540828402366864,1,11.0
236,1.2307692307692308,3.616568047337278,1,7.0
237,1.2307692307692308,3.616568047337278,1,11.0
238,1.2307692307692308,3.6923076923076925,1,7.0
239,1.2307692307692308,3.6923076923076925,1,11.0
240,1.3461538461538463,0.8076923076923077,1,7.0
241,1.3461538461538463,0.8076923076923077,1,11.0
242,1.3461538461538463,0.8905325443786982,1,7.0
243,1.3461538461538463,0.8905325443786982,1,11.0
244,1.3461538461538463,0.9733727810650888,1,7.0
245,1.3461538461538463,0.9733727810650888,1,11.0
246,1.3461538461538463,1.0562130177514792,1,7.0
247,1.3461538461538463,1.0562130177514792,1,11.0
248,1.3461538461538463,1.13905325443787,1,7.0
249,1.3461538461538463,1.13905325443787,1,11.0
250,1.3461538461538463,1.2218934911242603,1,7.0
251,1.3461538461538463,1.2218934911242603,1,11.0
252,1.3461538461538463,1.3047337278106508,1,7.0
253,1.3461538461538463,1.3047337278106508,1,11.0
254,1.3461538461538463,1.3875739644970413,1,7.0
255,1.3461538461538463,1.3875739644970413,1,11.0
256,1.3461538461538463,1.470414201183432,1,7.0
257,1.3461538461538463,1.470414201183432,1,11.0
258,1.3461538461538463,1.5532544378698225,1,7.0
259,1.3461538461538463,1.5532544378698225,1,11.0
260,1.3461538461538463,1.636094674556213,1,7.0
261,1.3461538461538463,1.636094674556213,1,11.0
262,1.3461538461538463,1.7189349112426036,1,7.0
263,1.3461538461538463,1.7189349112426036,1,11.0
264,1.3461538461538463,1.801775147928994,1,7.0
265,1.3461538461538463,1.801775147928994,1,11.0
266,1.3461538461538463,1.8846153846153846,1,7.0
267,1.3461538461538463,1.8846153846153846,1,11.0
268,1.3461538461538463,1.967455621301775,1,7.0
269,1.3461538461538463,1.967455621301775,1,11.0
270,1.3461538461538463,2.0502958579881656,1,7.0
271,1.3461538461538463,2.0502958579881656,1,11.0
272,1.3461538461538463,2.133136094674556,1,7.0
273,1.3461538461538463,2.133136094674556,1,11.0
274,1.3461538461538463,2.2159763313609466,1,7.0
275,1.3461538461538463,2.2159763313609466,1,11.0
276,1.3461538461538463,2.298816568047337,1,7.0
277,1.3461538461538463,2.298816568047337,1,11.0
278,1.3461538461538463,2.381656804733728,1,7.0
279,1.3461538461538463,2.381656804733728,1,11.0
280,1.3461538461538463,2.464497041420118,1,7.0
281,1.3461538461538463,2.464497041420118,1,11.0
282,1.3461538461538463,2.547337278106509,1,7.0
283,1.3461538461538463,2.547337278106509,1,11.0
284,1.3461538461538463,2.630177514792899,1,7.0
285,1.3461538461538463,2.630177514792899,1,11.0
286,1.3461538461538463,2.71301775147929,1,7.0
287,1.3461538461538463,2.71301775147929,1,11.0
288,1.3461538461538463,2.79585798816568,1,7.0
289,1.3461538461538463,2.79585798816568,1,11.0
290,1.3461538461538463,2.878698224852071,1,7.0
291,1.3461538461538463,2.878698224852071,1,11.0
292,1.3461538461538463,2.9615384615384612,1,7.0
293,1.3461538461538463,2.9615384615384612,1,11.0
294,1.3461538461538463,3.044378698224852,1,7.0
295,1.3461538461538463,3.044378698224852,1,11.0
296,1.3461538461538463,3.1272189349112427,1,7.0
297,1.3461538461538463,3.1272189349112427,1,11.0
298,1.3461538461538463,3.210059171597633,1,7.0
299,1.3461538461538463,3.210059171597633,1,11.0
300,1.3461538461538463,3.2928994082840237,1,7.0
301,1.3461538461538463,3.2928994082840237,1,11.0
302,1.3461538461538463,3.3757396449704142,1,7.0
303,1.3461538461538463,3.3757396449704142,1,11.0
304,1.3461538461538463,3.4585798816568047,1,7.0
305,1.3461538461538463,3.4585798816568047,1,11.0
306,1.3461538461538463,3.5414201183431957,1,7.0
307,1.3461538461538463,3.5414201183431957,1,11.0
308,1.3461538461538463,3.6242603550295858,1,7.0
309,1.3461538461538463,3.6242603550295858,1,11.0
310,1.3461538461538463,3.7071005917159767,1,7.0
311,1.3461538461538463,3.7071005917159767,1,11.0
312,1.3461538461538463,3.789940828402367,1,7.0
313,1.3461538461538463,3.789940828402367,1,11.0
314,1.3461538461538463,3.8727810650887577,1,7.0
315,1.3461538461538463,3.8727810650887577,1,11.0
316,1.3461538461538463,3.955621301775148,1,7.0
317,1.3461538461538463,3.955621301775148,1,11.0
318,1.3461538461538463,4.038461538461538,1,7.0
319,1.3461538461538463,4.038461538461538,1,11.0
320,1.4615384615384617,0.876923076923077,1,7.0
321,1.4615384615384617,0.876923076923077,1,11.0
322,1.4615384615384617,0.9668639053254439,1,7.0
323,1.4615384615384617,0.9668639053254439,1,11.0
324,1.4615384615384617,1.0568047337278108,1,7.0
325,1.4615384615384617,1.0568047337278108,1,11.0
326,1.4615384615384617,1.1467455621301776,1,7.0
327,1.4615384615384617,1.1467455621301776,1,11.0
328,1.4615384615384617,1.2366863905325445,1,7.0
329,1.4615384615384617,1.2366863905325445,1,11.0
330,1.4615384615384617,1.326627218934911,1,7.0
331,1.4615384615384617,1.326627218934911,1,11.0
332,1.4615384615384617,1.4165680473372781,1,7.0
333,1.4615384615384617,1.4165680473372781,1,11.0
334,1.4615384615384617,1.506508875739645,1,7.0
335,1.4615384615384617,1.506508875739645,1,11.0
336,1.4615384615384617,1.5964497041420118,1,7.0
337,1.4615384615384617,1.5964497041420118,1,11.0
338,1.4615384615384617,1.6863905325443787,1,7.0
339,1.4615384615384617,1.6863905325443787,1,11.0
340,1.4615384615384617,1.7763313609467455,1,7.0
341,1.4615384615384617,1.7763313609467455,1,11.0
342,1.4615384615384617,1.8662721893491125,1,7.0
343,1.4615384615384617,1.8662721893491125,1,11.0
344,1.4615384615384617,1.9562130177514794,1,7.0
345,1.4615384615384617,1.9562130177514794,1,11.0
346,1.4615384615384617,2.0461538461538464,1,7.0
347,1.4615384615384617,2.0461538461538464,1,11.0
348,1.4615384615384617,2.136094674556213,1,7.0
349,1.4615384615384617,2.136094674556213,1,11.0
350,1.4615384615384617,2.22603550295858,1,7.0
351,1.4615384615384617,2.22603550295858,1,11.0
352,1.4615384615384617,2.3159763313609467,1,7.0
353,1.4615384615384617,2.3159763313609467,1,11.0
354,1.4615384615384617,2.4059171597633138,1,7.0
355,1.4615384615384617,2.4059171597633138,1,11.0
356,1.4615384615384617,2.4958579881656804,1,7.0
357,1.4615384615384617,2.4958579881656804,1,11.0
358,1.4615384615384617,2.5857988165680474,1,7.0
359,1.4615384615384617,2.5857988165680474,1,11.0
360,1.4615384615384617,2.675739644970414,1,7.0
361,1.4615384615384617,2.675739644970414,1,11.0
362,1.4615384615384617,2.765680473372781,1,7.0
363,1.4615384615384617,2.765680473372781,1,11.0
364,1.4615384615384617,2.8556213017751477,1,7.0
365,1.4615384615384617,2.8556213017751477,1,11.0
366,1.4615384615384617,2.945562130177515,1,7.0
367,1.4615384615384617,2.945562130177515,1,11.0
368,1.4615384615384617,3.0355029585798814,1,7.0
369,1.4615384615384617,3.0355029585798814,1,11.0
370,1.4615384615384617,3.125443786982249,1,7.0
371,1.4615384615384617,3.125443786982249,1,11.0
372,1.4615384615384617,3.2153846153846155,1,7.0
373,1.4615384615384617,3.2153846153846155,1,11.0
374,1.4615384615384617,3.3053254437869826,1,7.0
375,1.4615384615384617,3.3053254437869826,1,11.0
376,1.4615384615384617,3.395266272189349,1,7.0
377,1.4615384615384617,3.395266272189349,1,11.0
378,1.4615384615384617,3.4852071005917162,1,7.0
379,1.4615384615384617,3.4852071005917162,1,11.0
380,1.4615384615384617,3.575147928994083,1,7.0
381,1.4615384615384617,3.575147928994083,1,11.0
382,1.4615384615384617,3.66508875739645,1,7.0
383,1.4615384615384617,3.66508875739645,1,11.0
384,1.4615384615384617,3.7550295857988165,1,7.0
385,1.4615384615384617,3.7550295857988165,1,11.0
386,1.4615384615384617,3.8449704142011836,1,7.0
387,1.4615384615384617,3.8449704142011836,1,11.0
388,1.4615384615384617,3.93491124260355,1,7.0
389,1.4615384615384617,3.93491124260355,1,11.0
390,1.4615384615384617,4.024852071005918,1,7.0
391,1.4615384615384617,4.024852071005918,1,11.0
392,1.4615384615384617,4.114792899408284,1,7.0
393,1.4615384615384617,4.114792899408284,1,11.0
394,1.4615384615384617,4.204733727810651,1,7.0
395,1.4615384615384617,4.204733727810651,1,11.0
396,1.4615384615384617,4.2946745562130175,1,7.0
397,1.4615384615384617,4.2946745562130175,1,11.0
398,1.4615384615384617,4.384615384615385,1,7.0
399,1.4615384615384617,4.384615384615385,1,11.0
400,1.576923076923077,0.9461538461538462,1,7.0
401,1.576923076923077,0.9461538461538462,1,11.0
402,1.576923076923077,1.0431952662721895,1,7.0
403,1.576923076923077,1.0431952662721895,1,11.0
404,1.576923076923077,1.1402366863905327,1,7.0
405,1.576923076923077,1.1402366863905327,1,11.0
406,1.576923076923077,1.2372781065088758,1,7.0
407,1.576923076923077,1.2372781065088758,1,11.0
408,1.576923076923077,1.334319526627219,1,7.0
409,1.576923076923077,1.334319526627219,1,11.0
410,1.576923076923077,1.4313609467455621,1,7.0
411,1.576923076923077,1.4313609467455621,1,11.0
412,1.576923076923077,1.5284023668639053,1,7.0
413,1.576923076923077,1.5284023668639053,1,11.0
414,1.576923076923077,1.6254437869822485,1,7.0
415,1.576923076923077,1.6254437869822485,1,11.0
416,1.576923076923077,1.7224852071005918,1,7.0
417,1.576923076923077,1.7224852071005918,1,11.0
418,1.576923076923077,1.819526627218935,1,7.0
419,1.576923076923077,1.819526627218935,1,11.0
420,1.576923076923077,1.9165680473372781,1,7.0
421,1.576923076923077,1.9165680473372781,1,11.0
422,1.576923076923077,2.0136094674556215,1,7.0
423,1.576923076923077,2.0136094674556215,1,11.0
424,1.576923076923077,2.1106508875739647,1,7.0
425,1.576923076923077,2.1106508875739647,1,11.0
426,1.576923076923077,2.207692307692308,1,7.0
427,1.576923076923077,2.207692307692308,1,11.0
428,1.576923076923077,2.304733727810651,1,7.0
429,1.576923076923077,2.304733727810651,1,11.0
430,1.576923076923077,2.401775147928994,1,7.0
431,1.576923076923077,2.401775147928994,1,11.0
432,1.576923076923077,2.4988165680473373,1,7.0
433,1.576923076923077,2.4988165680473373,1,11.0
434,1.576923076923077,2.5958579881656805,1,7.0
435,1.576923076923077,2.5958579881656805,1,11.0
436,1.576923076923077,2.6928994082840236,1,7.0
437,1.576923076923077,2.6928994082840236,1,11.0
438,1.576923076923077,2.7899408284023672,1,7.0
439,1.576923076923077,2.7899408284023672,1,11.0
440,1.576923076923077,2.88698224852071,1,7.0
441,1.576923076923077,2.88698224852071,1,11.0
442,1.576923076923077,2.9840236686390536,1,7.0
443,1.576923076923077,2.9840236686390536,1,11.0
444,1.576923076923077,3.0810650887573963,1,7.0
445,1.576923076923077,3.0810650887573963,1,11.0
446,1.576923076923077,3.17810650887574,1,7.0
447,1.576923076923077,3.17810650887574,1,11.0
448,1.576923076923077,3.2751479289940826,1,7.0
449,1.576923076923077,3.2751479289940826,1,11.0
450,1.576923076923077,3.372189349112426,1,7.0
451,1.576923076923077,3.372189349112426,1,11.0
452,1.576923076923077,3.4692307692307693,1,7.0
453,1.576923076923077,3.4692307692307693,1,11.0
454,1.576923076923077,3.566272189349113,1,7.0
455,1.576923076923077,3.566272189349113,1,11.0
456,1.576923076923077,3.6633136094674557,1,7.0
457,1.576923076923077,3.6633136094674557,1,11.0
458,1.576923076923077,3.7603550295857993,1,7.0
459,1.576923076923077,3.7603550295857993,1,11.0
460,1.576923076923077,3.857396449704142,1,7.0
461,1.576923076923077,3.857396449704142,1,11.0
462,1.576923076923077,3.9544378698224856,1,7.0
463,1.576923076923077,3.9544378698224856,1,11.0
464,1.576923076923077,4.051479289940828,1,7.0
465,1.576923076923077,4.051479289940828,1,11.0
466,1.576923076923077,4.148520710059172,1,7.0
467,1.576923076923077,4.148520710059172,1,11.0
468,1.576923076923077,4.245562130177515,1,7.0
469,1.576923076923077,4.245562130177515,1,11.0
470,1.576923076923077,4.342603550295858,1,7.0
471,1.576923076923077,4.342603550295858,1,11.0
472,1.576923076923077,4.439644970414201,1,7.0
473,1.576923076923077,4.439644970414201,1,11.0
474,1.576923076923077,4.5366863905325445,1,7.0
475,1.576923076923077,4.5366863905325445,1,11.0
476,1.576923076923077,4.633727810650888,1,7.0
477,1.576923076923077,4.633727810650888,1,11.0
478,1.576923076923077,4.730769230769232,1,7.0
479,1.576923076923077,4.730769230769232,1,11.0
480,1.6923076923076923,1.0153846153846153,1,7.0
481,1.6923076923076923,1.0153846153846153,1,11.0
482,1.6923076923076923,1.1195266272189348,1,7.0
483,1.6923076923076923,1.1195266272189348,1,11.0
484,1.6923076923076923,1.2236686390532543,1,7.0
485,1.6923076923076923,1.2236686390532543,1,11.0
486,1.6923076923076923,1.327810650887574,1,7.0
487,1.6923076923076923,1.327810650887574,1,11.0
488,1.6923076923076923,1.4319526627218935,1,7.0
489,1.6923076923076923,1.4319526627218935,1,11.0
490,1.6923076923076923,1.5360946745562127,1,7.0
491,1.6923076923076923,1.5360946745562127,1,11.0
492,1.6923076923076923,1.6402366863905324,1,7.0
493,1.6923076923076923,1.6402366863905324,1,11.0
494,1.6923076923076923,1.744378698224852,1,7.0
495,1.6923076923076923,1.744378698224852,1,11.0
496,1.6923076923076923,1.8485207100591714,1,7.0
497,1.6923076923076923,1.8485207100591714,1,11.0
498,1.6923076923076923,1.9526627218934909,1,7.0
499,1.6923076923076923,1.9526627218934909,1,11.0
500,1.6923076923076923,2.0568047337278106,1,7.0
501,1.6923076923076923,2.0568047337278106,1,11.0
502,1.6923076923076923,2.16094674556213,1,7.0
503,1.6923076923076923,2.16094674556213,1,11.0
504,1.6923076923076923,2.2650887573964495,1,7.0
505,1.6923076923076923,2.2650887573964495,1,11.0
506,1.6923076923076923,2.3692307692307693,1,7.0
507,1.6923076923076923,2.3692307692307693,1,11.0
508,1.6923076923076923,2.4733727810650885,1,7.0
509,1.6923076923076923,2.4733727810650885,1,11.0
510,1.6923076923076923,2.577514792899408,1,7.0
511,1.6923076923076923,2.577514792899408,1,11.0
512,1.6923076923076923,2.6816568047337275,1,7.0
513,1.6923076923076923,2.6816568047337275,1,11.0
514,1.6923076923076923,2.785798816568047,1,7.0
515,1.6923076923076923,2.785798816568047,1,11.0
516,1.6923076923076923,2.8899408284023664,1,7.0
517,1.6923076923076923,2.8899408284023664,1,11.0
518,1.6923076923076923,2.994082840236686,1,7.0
519,1.6923076923076923,2.994082840236686,1,11.0
520,1.6923076923076923,3.0982248520710054,1,7.0
521,1.6923076923076923,3.0982248520710054,1,11.0
522,1.6923076923076923,3.202366863905325,1,7.0
523,1.6923076923076923,3.202366863905325,1,11.0
524,1.6923076923076923,3.3065088757396444,1,7.0
525,1.6923076923076923,3.3065088757396444,1,11.0
526,1.6923076923076923,3.4106508875739645,1,7.0
527,1.6923076923076923,3.4106508875739645,1,11.0
528,1.6923076923076923,3.5147928994082833,1,7.0
529,1.6923076923076923,3.5147928994082833,1,11.0
530,1.6923076923076923,3.6189349112426035,1,7.0
531,1.6923076923076923,3.6189349112426035,1,11.0
532,1.6923076923076923,3.7230769230769227,1,7.0
533,1.6923076923076923,3.7230769230769227,1,11.0
534,1.6923076923076923,3.8272189349112424,1,7.0
535,1.6923076923076923,3.8272189349112424,1,11.0
536,1.6923076923076923,3.9313609467455617,1,7.0
537,1.6923076923076923,3.9313609467455617,1,11.0
538,1.6923076923076923,4.035502958579881,1,7.0
539,1.6923076923076923,4.035502958579881,1,11.0
540,1.6923076923076923,4.139644970414201,1,7.0
541,1.6923076923076923,4.139644970414201,1,11.0
542,1.6923076923076923,4.243786982248521,1,7.0
543,1.6923076923076923,4.243786982248521,1,11.0
544,1.6923076923076923,4.34792899408284,1,7.0
545,1.6923076923076923,4.34792899408284,1,11.0
546,1.6923076923076923,4.452071005917159,1,7.0
547,1.6923076923076923,4.452071005917159,1,11.0
548,1.6923076923076923,4.556213017751479,1,7.0
549,1.6923076923076923,4.556213017751479,1,11.0
550,1.6923076923076923,4.660355029585799,1,7.0
551,1.6923076923076923,4.660355029585799,1,11.0
552,1.6923076923076923,4.7644970414201175,1,7.0
553,1.6923076923076923,4.7644970414201175,1,11.0
554,1.6923076923076923,4.868639053254438,1,7.0
555,1.6923076923076923,4.868639053254438,1,11.0
556,1.6923076923076923,4.972781065088757,1,7.0
557,1.6923076923076923,4.972781065088757,1,11.0
558,1.6923076923076923,5.076923076923077,1,7.0
559,1.6923076923076923,5.076923076923077,1,11.0
560,1.8076923076923077,1.0846153846153845,1,7.0
561,1.8076923076923077,1.0846153846153845,1,11.0
562,1.8076923076923077,1.1958579881656803,1,7.0
563,1.8076923076923077,1.1958579881656803,1,11.0
564,1.8076923076923077,1.3071005917159764,1,7.0
565,1.8076923076923077,1.3071005917159764,1,11.0
566,1.8076923076923077,1.4183431952662722,1,7.0
567,1.8076923076923077,1.4183431952662722,1,11.0
568,1.8076923076923077,1.529585798816568,1,7.0
569,1.8076923076923077,1.529585798816568,1,11.0
570,1.8076923076923077,1.6408284023668638,1,7.0
571,1.8076923076923077,1.6408284023668638,1,11.0
572,1.8076923076923077,1.7520710059171596,1,7.0
573,1.8076923076923077,1.7520710059171596,1,11.0
574,1.8076923076923077,1.8633136094674554,1,7.0
575,1.8076923076923077,1.8633136094674554,1,11.0
576,1.8076923076923077,1.9745562130177514,1,7.0
577,1.8076923076923077,1.9745562130177514,1,11.0
578,1.8076923076923077,2.085798816568047,1,7.0
579,1.8076923076923077,2.085798816568047,1,11.0
580,1.8076923076923077,2.1970414201183432,1,7.0
581,1.8076923076923077,2.1970414201183432,1,11.0
582,1.8076923076923077,2.308284023668639,1,7.0
583,1.8076923076923077,2.308284023668639,1,11.0
584,1.8076923076923077,2.419526627218935,1,7.0
585,1.8076923076923077,2.419526627218935,1,11.0
586,1.8076923076923077,2.5307692307692307,1,7.0
587,1.8076923076923077,2.5307692307692307,1,11.0
588,1.8076923076923077,2.6420118343195265,1,7.0
589,1.8076923076923077,2.6420118343195265,1,11.0
590,1.8076923076923077,2.7532544378698223,1,7.0
591,1.8076923076923077,2.7532544378698223,1,11.0
592,1.8076923076923077,2.864497041420118,1,7.0
593,1.8076923076923077,2.864497041420118,1,11.0
594,1.8076923076923077,2.975739644970414,1,7.0
595,1.8076923076923077,2.975739644970414,1,11.0
596,1.8076923076923077,3.0869822485207097,1,7.0
597,1.8076923076923077,3.0869822485207097,1,11.0
598,1.8076923076923077,3.198224852071006,1,7.0
599,1.8076923076923077,3.198224852071006,1,11.0
600,1.8076923076923077,3.3094674556213013,1,7.0
601,1.8076923076923077,3.3094674556213013,1,11.0
602,1.8076923076923077,3.4207100591715975,1,7.0
603,1.8076923076923077,3.4207100591715975,1,11.0
604,1.8076923076923077,3.531952662721893,1,7.0
605,1.8076923076923077,3.531952662721893,1,11.0
606,1.8076923076923077,3.643195266272189,1,7.0
607,1.8076923076923077,3.643195266272189,1,11.0
608,1.8076923076923077,3.754437869822485,1,7.0
609,1.8076923076923077,3.754437869822485,1,11.0
610,1.8076923076923077,3.865680473372781,1,7.0
611,1.8076923076923077,3.865680473372781,1,11.0
612,1.8076923076923077,3.9769230769230766,1,7.0
613,1.8076923076923077,3.9769230769230766,1,11.0
614,1.8076923076923077,4.088165680473373,1,7.0
615,1.8076923076923077,4.088165680473373,1,11.0
616,1.8076923076923077,4.199408284023669,1,7.0
617,1.8076923076923077,4.199408284023669,1,11.0
618,1.8076923076923077,4.310650887573964,1,7.0
619,1.8076923076923077,4.310650887573964,1,11.0
620,1.8076923076923077,4.42189349112426,1,7.0
621,1.8076923076923077,4.42189349112426,1,11.0
622,1.8076923076923077,4.533136094674556,1,7.0
623,1.8076923076923077,4.533136094674556,1,11.0
624,1.8076923076923077,4.644378698224852,1,7.0
625,1.8076923076923077,4.644378698224852,1,11.0
626,1.8076923076923077,4.755621301775148,1,7.0
627,1.8076923076923077,4.755621301775148,1,11.0
628,1.8076923076923077,4.866863905325443,1,7.0
629,1.8076923076923077,4.866863905325443,1,11.0
630,1.8076923076923077,4.978106508875739,1,7.0
631,1.8076923076923077,4.978106508875739,1,11.0
632,1.8076923076923077,5.089349112426035,1,7.0
633,1.8076923076923077,5.089349112426035,1,11.0
634,1.8076923076923077,5.200591715976332,1,7.0
635,1.8076923076923077,5.200591715976332,1,11.0
636,1.8076923076923077,5.311834319526627,1,7.0
637,1.8076923076923077,5.311834319526627,1,11.0
638,1.8076923076923077,5.423076923076923,1,7.0
639,1.8076923076923077,5.423076923076923,1,11.0
640,1.9230769230769231,1.1538461538461537,1,7.0
641,1.9230769230769231,1.1538461538461537,1,11.0
642,1.9230769230769231,1.272189349112426,1,7.0
643,1.9230769230769231,1.272189349112426,1,11.0
644,1.9230769230769231,1.3905325443786982,1,7.0
645,1.9230769230769231,1.3905325443786982,1,11.0
646,1.9230769230769231,1.5088757396449703,1,7.0
647,1.9230769230769231,1.5088757396449703,1,11.0
648,1.9230769230769231,1.6272189349112427,1,7.0
649,1.9230769230769231,1.6272189349112427,1,11.0
650,1.9230769230769231,1.7455621301775146,1,7.0
651,1.9230769230769231,1.7455621301775146,1,11.0
652,1.9230769230769231,1.8639053254437867,1,7.0
653,1.9230769230769231,1.8639053254437867,1,11.0
654,1.9230769230769231,1.982248520710059,1,7.0
655,1.9230769230769231,1.982248520710059,1,11.0
656,1.9230769230769231,2.100591715976331,1,7.0
657,1.9230769230769231,2.100591715976331,1,11.0
658,1.9230769230769231,2.2189349112426036,1,7.0
659,1.9230769230769231,2.2189349112426036,1,11.0
660,1.9230769230769231,2.3372781065088755,1,7.0
661,1.9230769230769231,2.3372781065088755,1,11.0
662,1.9230769230769231,2.455621301775148,1,7.0
663,1.9230769230769231,2.455621301775148,1,11.0
664,1.9230769230769231,2.57396449704142,1,7.0
665,1.9230769230769231,2.57396449704142,1,11.0
666,1.9230769230769231,2.692307692307692,1,7.0
667,1.9230769230769231,2.692307692307692,1,11.0
668,1.9230769230769231,2.8106508875739644,1,7.0
669,1.9230769230769231,2.8106508875739644,1,11.0
670,1.9230769230769231,2.9289940828402368,1,7.0
671,1.9230769230769231,2.9289940828402368,1,11.0
672,1.9230769230769231,3.0473372781065087,1,7.0
673,1.9230769230769231,3.0473372781065087,1,11.0
674,1.9230769230769231,3.165680473372781,1,7.0
675,1.9230769230769231,3.165680473372781,1,11.0
676,1.9230769230769231,3.284023668639053,1,7.0
677,1.9230769230769231,3.284023668639053,1,11.0
678,1.9230769230769231,3.4023668639053253,1,7.0
679,1.9230769230769231,3.4023668639053253,1,11.0
680,1.9230769230769231,3.520710059171597,1,7.0
681,1.9230769230769231,3.520710059171597,1,11.0
682,1.9230769230769231,3.63905325443787,1,7.0
683,1.9230769230769231,3.63905325443787,1,11.0
684,1.9230769230769231,3.7573964497041414,1,7.0
685,1.9230769230769231,3.7573964497041414,1,11.0
686,1.9230769230769231,3.8757396449704142,1,7.0
687,1.9230769230769231,3.8757396449704142,1,11.0
688,1.9230769230769231,3.994082840236686,1,7.0
689,1.9230769230769231,3.994082840236686,1,11.0
690,1.9230769230769231,4.112426035502959,1,7.0
691,1.9230769230769231,4.112426035502959,1,11.0
692,1.9230769230769231,4.23076923076923,1,7.0
693,1.9230769230769231,4.23076923076923,1,11.0
694,1.9230769230769231,4.349112426035503,1,7.0
695,1.9230769230769231,4.349112426035503,1,11.0
696,1.9230769230769231,4.467455621301775,1,7.0
697,1.9230769230769231,4.467455621301775,1,11.0
698,1.9230769230769231,4.585798816568047,1,7.0
699,1.9230769230769231,4.585798816568047,1,11.0
700,1.9230769230769231,4.704142011834319,1,7.0
701,1.9230769230769231,4.704142011834319,1,11.0
702,1.9230769230769231,4.822485207100592,1,7.0
703,1.9230769230769231,4.822485207100592,1,11.0
704,1.9230769230769231,4.940828402366863,1,7.0
705,1.9230769230769231,4.940828402366863,1,11.0
706,1.9230769230769231,5.059171597633136,1,7.0
707,1.9230769230769231,5.059171597633136,1,11.0
708,1.9230769230769231,5.177514792899408,1,7.0
709,1.9230769230769231,5.177514792899408,1,11.0
710,1.9230769230769231,5.295857988165681,1,7.0
711,1.9230769230769231,5.295857988165681,1,11.0
712,1.9230769230769231,5.414201183431953,1,7.0
713,1.9230769230769231,5.414201183431953,1,11.0
714,1.9230769230769231,5.532544378698225,1,7.0
715,1.9230769230769231,5.532544378698225,1,11.0
716,1.9230769230769231,5.650887573964496,1,7.0
717,1.9230769230769231,5.650887573964496,1,11.0
718,1.9230769230769231,5.769230769230769,1,7.0
719,1.9230769230769231,5.769230769230769,1,11.0
720,2.0384615384615383,1.223076923076923,1,7.0
721,2.0384615384615383,1.223076923076923,1,11.0
722,2.0384615384615383,1.3485207100591714,1,7.0
723,2.0384615384615383,1.3485207100591714,1,11.0
724,2.0384615384615383,1.47396449704142,1,7.0
725,2.0384615384615383,1.47396449704142,1,11.0
726,2.0384615384615383,1.5994082840236685,1,7.0
727,2.0384615384615383,1.5994082840236685,1,11.0
728,2.0384615384615383,1.724852071005917,1,7.0
729,2.0384615384615383,1.724852071005917,1,11.0
730,2.0384615384615383,1.8502958579881654,1,7.0
731,2.0384615384615383,1.8502958579881654,1,11.0
732,2.0384615384615383,1.9757396449704139,1,7.0
733,2.0384615384615383,1.9757396449704139,1,11.0
734,2.0384615384615383,2.1011834319526623,1,7.0
735,2.0384615384615383,2.1011834319526623,1,11.0
736,2.0384615384615383,2.226627218934911,1,7.0
737,2.0384615384615383,2.226627218934911,1,11.0
738,2.0384615384615383,2.3520710059171592,1,7.0
739,2.0384615384615383,2.3520710059171592,1,11.0
740,2.0384615384615383,2.477514792899408,1,7.0
741,2.0384615384615383,2.477514792899408,1,11.0
742,2.0384615384615383,2.6029585798816566,1,7.0
743,2.0384615384615383,2.6029585798816566,1,11.0
744,2.0384615384615383,2.728402366863905,1,7.0
745,2.0384615384615383,2.728402366863905,1,11.0
746,2.0384615384615383,2.8538461538461535,1,7.0
747,2.0384615384615383,2.8538461538461535,1,11.0
748,2.0384615384615383,2.979289940828402,1,7.0
749,2.0384615384615383,2.979289940828402,1,11.0
750,2.0384615384615383,3.1047337278106504,1,7.0
751,2.0384615384615383,3.1047337278106504,1,11.0
752,2.0384615384615383,3.230177514792899,1,7.0
753,2.0384615384615383,3.230177514792899,1,11.0
754,2.0384615384615383,3.3556213017751477,1,7.0
755,2.0384615384615383,3.3556213017751477,1,11.0
756,2.0384615384615383,3.4810650887573957,1,7.0
757,2.0384615384615383,3.4810650887573957,1,11.0
758,2.0384615384615383,3.6065088757396446,1,7.0
759,2.0384615384615383,3.6065088757396446,1,11.0
760,2.0384615384615383,3.7319526627218926,1,7.0
761,2.0384615384615383,3.7319526627218926,1,11.0
762,2.0384615384615383,3.8573964497041415,1,7.0
763,2.0384615384615383,3.8573964497041415,1,11.0
764,2.0384615384615383,3.9828402366863895,1,7.0
765,2.0384615384615383,3.9828402366863895,1,11.0
766,2.0384615384615383,4.108284023668639,1,7.0
767,2.0384615384615383,4.108284023668639,1,11.0
768,2.0384615384615383,4.233727810650887,1,7.0
769,2.0384615384615383,4.233727810650887,1,11.0
770,2.0384615384615383,4.359171597633136,1,7.0
771,2.0384615384615383,4.359171597633136,1,11.0
772,2.0384615384615383,4.484615384615384,1,7.0
773,2.0384615384615383,4.484615384615384,1,11.0
774,2.0384615384615383,4.610059171597633,1,7.0
775,2.0384615384615383,4.610059171597633,1,11.0
776,2.0384615384615383,4.735502958579881,1,7.0
777,2.0384615384615383,4.735502958579881,1,11.0
778,2.0384615384615383,4.86094674556213,1,7.0
779,2.0384615384615383,4.86094674556213,1,11.0
780,2.0384615384615383,4.986390532544378,1,7.0
781,2.0384615384615383,4.986390532544378,1,11.0
782,2.0384615384615383,5.1118343195266265,1,7.0
783,2.0384615384615383,5.1118343195266265,1,11.0
784,2.0384615384615383,5.2372781065088745,1,7.0
785,2.0384615384615383,5.2372781065088745,1,11.0
786,2.0384615384615383,5.362721893491124,1,7.0
787,2.0384615384615383,5.362721893491124,1,11.0
788,2.0384615384615383,5.488165680473372,1,7.0
789,2.0384615384615383,5.488165680473372,1,11.0
790,2.0384615384615383,5.613609467455621,1,7.0
791,2.0384615384615383,5.613609467455621,1,11.0
792,2.0384615384615383,5.739053254437869,1,7.0
793,2.0384615384615383,5.739053254437869,1,11.0
794,2.0384615384615383,5.864497041420118,1,7.0
795,2.0384615384615383,5.864497041420118,1,11.0
796,2.0384615384615383,5.989940828402366,1,7.0
797,2.0384615384615383,5.989940828402366,1,11.0
798,2.0384615384615383,6.115384615384615,1,7.0
799,2.0384615384615383,6.115384615384615,1,11.0
800,2.153846153846154,1.2923076923076924,1,7.0
801,2.153846153846154,1.2923076923076924,1,11.0
802,2.153846153846154,1.4248520710059174,1,7.0
803,2.153846153846154,1.4248520710059174,1,11.0
804,2.153846153846154,1.5573964497041421,1,7.0
805,2.153846153846154,1.5573964497041421,1,11.0
806,2.153846153846154,1.6899408284023671,1,7.0
807,2.153846153846154,1.6899408284023671,1,11.0
808,2.153846153846154,1.822485207100592,1,7.0
809,2.153846153846154,1.822485207100592,1,11.0
810,2.153846153846154,1.9550295857988167,1,7.0
811,2.153846153846154,1.9550295857988167,1,11.0
812,2.153846153846154,2.0875739644970417,1,7.0
813,2.153846153846154,2.0875739644970417,1,11.0
814,2.153846153846154,2.2201183431952662,1,7.0
815,2.153846153846154,2.2201183431952662,1,11.0
816,2.153846153846154,2.3526627218934912,1,7.0
817,2.153846153846154,2.3526627218934912,1,11.0
818,2.153846153846154,2.4852071005917162,1,7.0
819,2.153846153846154,2.4852071005917162,1,11.0
820,2.153846153846154,2.6177514792899412,1,7.0
821,2.153846153846154,2.6177514792899412,1,11.0
822,2.153846153846154,2.750295857988166,1,7.0
823,2.153846153846154,2.750295857988166,1,11.0
824,2.153846153846154,2.882840236686391,1,7.0
825,2.153846153846154,2.882840236686391,1,11.0
826,2.153846153846154,3.0153846153846158,1,7.0
827,2.153846153846154,3.0153846153846158,1,11.0
828,2.153846153846154,3.1479289940828408,1,7.0
829,2.153846153846154,3.1479289940828408,1,11.0
830,2.153846153846154,3.2804733727810653,1,7.0
831,2.153846153846154,3.2804733727810653,1,11.0
832,2.153846153846154,3.4130177514792903,1,7.0
833,2.153846153846154,3.4130177514792903,1,11.0
834,2.153846153846154,3.5455621301775153,1,7.0
835,2.153846153846154,3.5455621301775153,1,11.0
836,2.153846153846154,3.6781065088757394,1,7.0
837,2.153846153846154,3.6781065088757394,1,11.0
838,2.153846153846154,3.810650887573965,1,7.0
839,2.153846153846154,3.810650887573965,1,11.0
840,2.153846153846154,3.9431952662721894,1,7.0
841,2.153846153846154,3.9431952662721894,1,11.0
842,2.153846153846154,4.075739644970414,1,7.0
843,2.153846153846154,4.075739644970414,1,11.0
844,2.153846153846154,4.208284023668639,1,7.0
845,2.153846153846154,4.208284023668639,1,11.0
846,2.153846153846154,4.340828402366864,1,7.0
847,2.153846153846154,4.340828402366864,1,11.0
848,2.153846153846154,4.4733727810650885,1,7.0
849,2.153846153846154,4.4733727810650885,1,11.0
850,2.153846153846154,4.605917159763314,1,7.0
851,2.153846153846154,4.605917159763314,1,11.0
852,2.153846153846154,4.7384615384615385,1,7.0
853,2.153846153846154,4.7384615384615385,1,11.0
854,2.153846153846154,4.871005917159764,1,7.0
855,2.153846153846154,4.871005917159764,1,11.0
856,2.153846153846154,5.0035502958579885,1,7.0
857,2.153846153846154,5.0035502958579885,1,11.0
858,2.153846153846154,5.1360946745562135,1,7.0
859,2.153846153846154,5.1360946745562135,1,11.0
860,2.153846153846154,5.2686390532544385,1,7.0
861,2.153846153846154,5.2686390532544385,1,11.0
862,2.153846153846154,5.4011834319526635,1,7.0
863,2.153846153846154,5.4011834319526635,1,11.0
864,2.153846153846154,5.533727810650888,1,7.0
865,2.153846153846154,5.533727810650888,1,11.0
866,2.153846153846154,5.6662721893491135,1,7.0
867,2.153846153846154,5.6662721893491135,1,11.0
868,2.153846153846154,5.798816568047338,1,7.0
869,2.153846153846154,5.798816568047338,1,11.0
870,2.153846153846154,5.9313609467455635,1,7.0
871,2.153846153846154,5.9313609467455635,1,11.0
872,2.153846153846154,6.063905325443788,1,7.0
873,2.153846153846154,6.063905325443788,1,11.0
874,2.153846153846154,6.196449704142013,1,7.0
875,2.153846153846154,6.196449704142013,1,11.0
876,2.153846153846154,6.328994082840238,1,7.0
877,2.153846153846154,6.328994082840238,1,11.0
878,2.153846153846154,6.461538461538463,1,7.0
879,2.153846153846154,6.461538461538463,1,11.0
880,2.269230769230769,1.3615384615384614,1,7.0
881,2.269230769230769,1.3615384615384614,1,11.0
882,2.269230769230769,1.5011834319526627,1,7.0
883,2.269230769230769,1.5011834319526627,1,11.0
884,2.269230769230769,1.6408284023668638,1,7.0
885,2.269230769230769,1.6408284023668638,1,11.0
886,2.269230769230769,1.780473372781065,1,7.0
887,2.269230769230769,1.780473372781065,1,11.0
888,2.269230769230769,1.9201183431952662,1,7.0
889,2.269230769230769,1.9201183431952662,1,11.0
890,2.269230769230769,2.059763313609467,1,7.0
891,2.269230769230769,2.059763313609467,1,11.0
892,2.269230769230769,2.199408284023668,1,7.0
893,2.269230769230769,2.199408284023668,1,11.0
894,2.269230769230769,2.3390532544378697,1,7.0
895,2.269230769230769,2.3390532544378697,1,11.0
896,2.269230769230769,2.478698224852071,1,7.0
897,2.269230769230769,2.478698224852071,1,11.0
898,2.269230769230769,2.618343195266272,1,7.0
899,2.269230769230769,2.618343195266272,1,11.0
900,2.269230769230769,2.757988165680473,1,7.0
901,2.269230769230769,2.757988165680473,1,11.0
902,2.269230769230769,2.897633136094674,1,7.0
903,2.269230769230769,2.897633136094674,1,11.0
904,2.269230769230769,3.0372781065088756,1,7.0
905,2.269230769230769,3.0372781065088756,1,11.0
906,2.269230769230769,3.1769230769230767,1,7.0
907,2.269230769230769,3.1769230769230767,1,11.0
908,2.269230769230769,3.316568047337278,1,7.0
909,2.269230769230769,3.316568047337278,1,11.0
910,2.269230769230769,3.456213017751479,1,7.0
911,2.269230769230769,3.456213017751479,1,11.0
912,2.269230769230769,3.59585798816568,1,7.0
913,2.269230769230769,3.59585798816568,1,11.0
914,2.269230769230769,3.7355029585798816,1,7.0
915,2.269230769230769,3.7355029585798816,1,11.0
916,2.269230769230769,3.8751479289940822,1,7.0
917,2.269230769230769,3.8751479289940822,1,11.0
918,2.269230769230769,4.014792899408284,1,7.0
919,2.269230769230769,4.014792899408284,1,11.0
920,2.269230769230769,4.154437869822485,1,7.0
921,2.269230769230769,4.154437869822485,1,11.0
922,2.269230769230769,4.294082840236686,1,7.0
923,2.269230769230769,4.294082840236686,1,11.0
924,2.269230769230769,4.433727810650887,1,7.0
925,2.269230769230769,4.433727810650887,1,11.0
926,2.269230769230769,4.573372781065088,1,7.0
927,2.269230769230769,4.573372781065088,1,11.0
928,2.269230769230769,4.713017751479289,1,7.0
929,2.269230769230769,4.713017751479289,1,11.0
930,2.269230769230769,4.852662721893491,1,7.0
931,2.269230769230769,4.852662721893491,1,11.0
932,2.269230769230769,4.9923076923076914,1,7.0
933,2.269230769230769,4.9923076923076914,1,11.0
934,2.269230769230769,5.131952662721893,1,7.0
935,2.269230769230769,5.131952662721893,1,11.0
936,2.269230769230769,5.271597633136094,1,7.0
937,2.269230769230769,5.271597633136094,1,11.0
938,2.269230769230769,5.411242603550296,1,7.0
939,2.269230769230769,5.411242603550296,1,11.0
940,2.269230769230769,5.550887573964497,1,7.0
941,2.269230769230769,5.550887573964497,1,11.0
942,2.269230769230769,5.690532544378698,1,7.0
943,2.269230769230769,5.690532544378698,1,11.0
944,2.269230769230769,5.830177514792899,1,7.0
945,2.269230769230769,5.830177514792899,1,11.0
946,2.269230769230769,5.9698224852071,1,7.0
947,2.269230769230769,5.9698224852071,1,11.0
948,2.269230769230769,6.109467455621301,1,7.0
949,2.269230769230769,6.109467455621301,1,11.0
950,2.269230769230769,6.249112426035503,1,7.0
951,2.269230769230769,6.249112426035503,1,11.0
952,2.269230769230769,6.388757396449703,1,7.0
953,2.269230769230769,6.388757396449703,1,11.0
954,2.269230769230769,6.528402366863905,1,7.0
955,2.269230769230769,6.528402366863905,1,11.0
956,2.269230769230769,6.6680473372781055,1,7.0
957,2.269230769230769,6.6680473372781055,1,11.0
958,2.269230769230769,6.8076923076923075,1,7.0
959,2.269230769230769,6.8076923076923075,1,11.0
960,2.3846153846153846,1.4307692307692308,1,7.0
961,2.3846153846153846,1.4307692307692308,1,11.0
962,2.3846153846153846,1.5775147928994082,1,7.0
963,2.3846153846153846,1.5775147928994082,1,11.0
964,2.3846153846153846,1.7242603550295856,1,7.0
965,2.3846153846153846,1.7242603550295856,1,11.0
966,2.3846153846153846,1.8710059171597633,1,7.0
967,2.3846153846153846,1.8710059171597633,1,11.0
968,2.3846153846153846,2.0177514792899407,1,7.0
969,2.3846153846153846,2.0177514792899407,1,11.0
970,2.3846153846153846,2.164497041420118,1,7.0
971,2.3846153846153846,2.164497041420118,1,11.0
972,2.3846153846153846,2.3112426035502955,1,7.0
973,2.3846153846153846,2.3112426035502955,1,11.0
974,2.3846153846153846,2.457988165680473,1,7.0
975,2.3846153846153846,2.457988165680473,1,11.0
976,2.3846153846153846,2.6047337278106504,1,7.0
977,2.3846153846153846,2.6047337278106504,1,11.0
978,2.3846153846153846,2.751479289940828,1,7.0
979,2.3846153846153846,2.751479289940828,1,11.0
980,2.3846153846153846,2.8982248520710057,1,7.0
981,2.3846153846153846,2.8982248520710057,1,11.0
982,2.3846153846153846,3.0449704142011833,1,7.0
983,2.3846153846153846,3.0449704142011833,1,11.0
984,2.3846153846153846,3.1917159763313605,1,7.0
985,2.3846153846153846,3.1917159763313605,1,11.0
986,2.3846153846153846,3.338461538461538,1,7.0
987,2.3846153846153846,3.338461538461538,1,11.0
988,2.3846153846153846,3.485207100591716,1,7.0
989,2.3846153846153846,3.485207100591716,1,11.0
990,2.3846153846153846,3.6319526627218934,1,7.0
991,2.3846153846153846,3.6319526627218934,1,11.0
992,2.3846153846153846,3.7786982248520706,1,7.0
993,2.3846153846153846,3.7786982248520706,1,11.0
994,2.3846153846153846,3.9254437869822483,1,7.0
995,2.3846153846153846,3.9254437869822483,1,11.0
996,2.3846153846153846,4.072189349112425,1,7.0
997,2.3846153846153846,4.072189349112425,1,11.0
998,2.3846153846153846,4.218934911242603,1,7.0
999,2.3846153846153846,4.218934911242603,1,11.0
1000,2.3846153846153846,4.36568047337278,1,7.0
1001,2.3846153846153846,4.36568047337278,1,11.0
1002,2.3846153846153846,4.512426035502958,1,7.0
1003,2.3846153846153846,4.512426035502958,1,11.0
1004,2.3846153846153846,4.659171597633136,1,7.0
1005,2.3846153846153846,4.659171597633136,1,11.0
1006,2.3846153846153846,4.805917159763314,1,7.0
1007,2.3846153846153846,4.805917159763314,1,11.0
1008,2.3846153846153846,4.95266272189349,1,7.0
1009,2.3846153846153846,4.95266272189349,1,11.0
1010,2.3846153846153846,5.099408284023668,1,7.0
1011,2.3846153846153846,5.099408284023668,1,11.0
1012,2.3846153846153846,5.246153846153845,1,7.0
1013,2.3846153846153846,5.246153846153845,1,11.0
1014,2.3846153846153846,5.392899408284023,1,7.0
1015,2.3846153846153846,5.392899408284023,1,11.0
1016,2.3846153846153846,5.539644970414201,1,7.0
1017,2.3846153846153846,5.539644970414201,1,11.0
1018,2.3846153846153846,5.686390532544379,1,7.0
1019,2.3846153846153846,5.686390532544379,1,11.0
1020,2.3846153846153846,5.833136094674556,1,7.0
1021,2.3846153846153846,5.833136094674556,1,11.0
1022,2.3846153846153846,5.979881656804734,1,7.0
1023,2.3846153846153846,5.979881656804734,1,11.0
1024,2.3846153846153846,6.12662721893491,1,7.0
1025,2.3846153846153846,6.12662721893491,1,11.0
1026,2.3846153846153846,6.273372781065088,1,7.0
1027,2.3846153846153846,6.273372781065088,1,11.0
1028,2.3846153846153846,6.4201183431952655,1,7.0
1029,2.3846153846153846,6.4201183431952655,1,11.0
1030,2.3846153846153846,6.566863905325444,1,7.0
1031,2.3846153846153846,6.566863905325444,1,11.0
1032,2.3846153846153846,6.713609467455621,1,7.0
1033,2.3846153846153846,6.713609467455621,1,11.0
1034,2.3846153846153846,6.860355029585799,1,7.0
1035,2.3846153846153846,6.860355029585799,1,11.0
1036,2.3846153846153846,7.007100591715976,1,7.0
1037,2.3846153846153846,7.007100591715976,1,11.0
1038,2.3846153846153846,7.153846153846153,1,7.0
1039,2.3846153846153846,7.153846153846153,1,11.0
1040,2.5,1.5,1,7.0
1041,2.5,1.5,1,11.0
1042,2.5,1.6538461538461537,1,7.0
1043,2.5,1.6538461538461537,1,11.0
1044,2.5,1.8076923076923077,1,7.0
1045,2.5,1.8076923076923077,1,11.0
1046,2.5,1.9615384615384615,1,7.0
1047,2.5,1.9615384615384615,1,11.0
1048,2.5,2.1153846153846154,1,7.0
1049,2.5,2.1153846153846154,1,11.0
1050,2.5,2.269230769230769,1,7.0
1051,2.5,2.269230769230769,1,11.0
1052,2.5,2.423076923076923,1,7.0
1053,2.5,2.423076923076923,1,11.0
1054,2.5,2.5769230769230766,1,7.0
1055,2.5,2.5769230769230766,1,11.0
1056,2.5,2.7307692307692304,1,7.0
1057,2.5,2.7307692307692304,1,11.0
1058,2.5,2.884615384615384,1,7.0
1059,2.5,2.884615384615384,1,11.0
1060,2.5,3.0384615384615383,1,7.0
1061,2.5,3.0384615384615383,1,11.0
1062,2.5,3.192307692307692,1,7.0
1063,2.5,3.192307692307692,1,11.0
1064,2.5,3.346153846153846,1,7.0
1065,2.5,3.346153846153846,1,11.0
1066,2.5,3.5,1,7.0
1067,2.5,3.5,1,11.0
1068,2.5,3.6538461538461537,1,7.0
1069,2.5,3.6538461538461537,1,11.0
1070,2.5,3.8076923076923075,1,7.0
1071,2.5,3.8076923076923075,1,11.0
1072,2.5,3.9615384615384612,1,7.0
1073,2.5,3.9615384615384612,1,11.0
1074,2.5,4.115384615384615,1,7.0
1075,2.5,4.115384615384615,1,11.0
1076,2.5,4.269230769230768,1,7.0
1077,2.5,4.269230769230768,1,11.0
1078,2.5,4.423076923076923,1,7.0
1079,2.5,4.423076923076923,1,11.0
1080,2.5,4.576923076923077,1,7.0
1081,2.5,4.576923076923077,1,11.0
1082,2.5,4.730769230769231,1,7.0
1083,2.5,4.730769230769231,1,11.0
1084,2.5,4.884615384615384,1,7.0
1085,2.5,4.884615384615384,1,11.0
1086,2.5,5.038461538461538,1,7.0
1087,2.5,5.038461538461538,1,11.0
1088,2.5,5.192307692307692,1,7.0
1089,2.5,5.192307692307692,1,11.0
1090,2.5,5.346153846153846,1,7.0
1091,2.5,5.346153846153846,1,11.0
1092,2.5,5.499999999999999,1,7.0
1093,2.5,5.499999999999999,1,11.0
1094,2.5,5.653846153846153,1,7.0
1095,2.5,5.653846153846153,1,11.0
1096,2.5,5.807692307692307,1,7.0
1097,2.5,5.807692307692307,1,11.0
1098,2.5,5.961538461538462,1,7.0
1099,2.5,5.961538461538462,1,11.0
1100,2.5,6.115384615384615,1,7.0
1101,2.5,6.115384615384615,1,11.0
1102,2.5,6.269230769230769,1,7.0
1103,2.5,6.269230769230769,1,11.0
1104,2.5,6.4230769230769225,1,7.0
1105,2.5,6.4230769230769225,1,11.0
1106,2.5,6.576923076923077,1,7.0
1107,2.5,6.576923076923077,1,11.0
1108,2.5,6.73076923076923,1,7.0
1109,2.5,6.73076923076923,1,11.0
1110,2.5,6.884615384615385,1,7.0
1111,2.5,6.884615384615385,1,11.0
1112,2.5,7.038461538461538,1,7.0
1113,2.5,7.038461538461538,1,11.0
1114,2.5,7.1923076923076925,1,7.0
1115,2.5,7.1923076923076925,1,11.0
1116,2.5,7.346153846153846,1,7.0
1117,2.5,7.346153846153846,1,11.0
1118,2.5,7.5,1,7.0
1119,2.5,7.5,1,11.0
1120,2.6153846153846154,1.5692307692307692,1,7.0
1121,2.6153846153846154,1.5692307692307692,1,11.0
1122,2.6153846153846154,1.7301775147928993,1,7.0
1123,2.6153846153846154,1.7301775147928993,1,11.0
1124,2.6153846153846154,1.8911242603550296,1,7.0
1125,2.6153846153846154,1.8911242603550296,1,11.0
1126,2.6153846153846154,2.05207100591716,1,7.0
1127,2.6153846153846154,2.05207100591716,1,11.0
1128,2.6153846153846154,2.21301775147929,1,7.0
1129,2.6153846153846154,2.21301775147929,1,11.0
1130,2.6153846153846154,2.37396449704142,1,7.0
1131,2.6153846153846154,2.37396449704142,1,11.0
1132,2.6153846153846154,2.53491124260355,1,7.0
1133,2.6153846153846154,2.53491124260355,1,11.0
1134,2.6153846153846154,2.69585798816568,1,7.0
1135,2.6153846153846154,2.69585798816568,1,11.0
1136,2.6153846153846154,2.8568047337278104,1,7.0
1137,2.6153846153846154,2.8568047337278104,1,11.0
1138,2.6153846153846154,3.0177514792899407,1,7.0
1139,2.6153846153846154,3.0177514792899407,1,11.0
1140,2.6153846153846154,3.178698224852071,1,7.0
1141,2.6153846153846154,3.178698224852071,1,11.0
1142,2.6153846153846154,3.339644970414201,1,7.0
1143,2.6153846153846154,3.339644970414201,1,11.0
1144,2.6153846153846154,3.500591715976331,1,7.0
1145,2.6153846153846154,3.500591715976331,1,11.0
1146,2.6153846153846154,3.6615384615384614,1,7.0
1147,2.6153846153846154,3.6615384615384614,1,11.0
1148,2.6153846153846154,3.8224852071005917,1,7.0
1149,2.6153846153846154,3.8224852071005917,1,11.0
1150,2.6153846153846154,3.9834319526627215,1,7.0
1151,2.6153846153846154,3.9834319526627215,1,11.0
1152,2.6153846153846154,4.144378698224852,1,7.0
1153,2.6153846153846154,4.144378698224852,1,11.0
1154,2.6153846153846154,4.305325443786982,1,7.0
1155,2.6153846153846154,4.305325443786982,1,11.0
1156,2.6153846153846154,4.4662721893491115,1,7.0
1157,2.6153846153846154,4.4662721893491115,1,11.0
1158,2.6153846153846154,4.627218934911243,1,7.0
1159,2.6153846153846154,4.627218934911243,1,11.0
1160,2.6153846153846154,4.788165680473372,1,7.0
1161,2.6153846153846154,4.788165680473372,1,11.0
1162,2.6153846153846154,4.949112426035503,1,7.0
1163,2.6153846153846154,4.949112426035503,1,11.0
1164,2.6153846153846154,5.110059171597633,1,7.0
1165,2.6153846153846154,5.110059171597633,1,11.0
1166,2.6153846153846154,5.271005917159763,1,7.0
1167,2.6153846153846154,5.271005917159763,1,11.0
1168,2.6153846153846154,5.431952662721893,1,7.0
1169,2.6153846153846154,5.431952662721893,1,11.0
1170,2.6153846153846154,5.5928994082840235,1,7.0
1171,2.6153846153846154,5.5928994082840235,1,11.0
1172,2.6153846153846154,5.753846153846153,1,7.0
1173,2.6153846153846154,5.753846153846153,1,11.0
1174,2.6153846153846154,5.914792899408284,1,7.0
1175,2.6153846153846154,5.914792899408284,1,11.0
1176,2.6153846153846154,6.0757396449704135,1,7.0
1177,2.6153846153846154,6.0757396449704135,1,11.0
1178,2.6153846153846154,6.236686390532545,1,7.0
1179,2.6153846153846154,6.236686390532545,1,11.0
1180,2.6153846153846154,6.397633136094674,1,7.0
1181,2.6153846153846154,6.397633136094674,1,11.0
1182,2.6153846153846154,6.558579881656804,1,7.0
1183,2.6153846153846154,6.558579881656804,1,11.0
1184,2.6153846153846154,6.719526627218935,1,7.0
1185,2.6153846153846154,6.719526627218935,1,11.0
1186,2.6153846153846154,6.880473372781065,1,7.0
1187,2.6153846153846154,6.880473372781065,1,11.0
1188,2.6153846153846154,7.041420118343194,1,7.0
1189,2.6153846153846154,7.041420118343194,1,11.0
1190,2.6153846153846154,7.2023668639053255,1,7.0
1191,2.6153846153846154,7.2023668639053255,1,11.0
1192,2.6153846153846154,7.363313609467455,1,7.0
1193,2.6153846153846154,7.363313609467455,1,11.0
1194,2.6153846153846154,7.524260355029586,1,7.0
1195,2.6153846153846154,7.524260355029586,1,11.0
1196,2.6153846153846154,7.6852071005917155,1,7.0
1197,2.6153846153846154,7.6852071005917155,1,11.0
1198,2.6153846153846154,7.846153846153847,1,7.0
1199,2.6153846153846154,7.846153846153847,1,11.0
1200,2.730769230769231,1.6384615384615384,1,7.0
1201,2.730769230769231,1.6384615384615384,1,11.0
1202,2.730769230769231,1.806508875739645,1,7.0
1203,2.730769230769231,1.806508875739645,1,11.0
1204,2.730769230769231,1.9745562130177514,1,7.0
1205,2.730769230769231,1.9745562130177514,1,11.0
1206,2.730769230769231,2.142603550295858,1,7.0
1207,2.730769230769231,2.142603550295858,1,11.0
1208,2.730769230769231,2.3106508875739644,1,7.0
1209,2.730769230769231,2.3106508875739644,1,11.0
1210,2.730769230769231,2.478698224852071,1,7.0
1211,2.730769230769231,2.478698224852071,1,11.0
1212,2.730769230769231,2.646745562130177,1,7.0
1213,2.730769230769231,2.646745562130177,1,11.0
1214,2.730769230769231,2.8147928994082836,1,7.0
1215,2.730769230769231,2.8147928994082836,1,11.0
1216,2.730769230769231,2.9828402366863904,1,7.0
1217,2.730769230769231,2.9828402366863904,1,11.0
1218,2.730769230769231,3.150887573964497,1,7.0
1219,2.730769230769231,3.150887573964497,1,11.0
1220,2.730769230769231,3.318934911242603,1,7.0
1221,2.730769230769231,3.318934911242603,1,11.0
1222,2.730769230769231,3.48698224852071,1,7.0
1223,2.730769230769231,3.48698224852071,1,11.0
1224,2.730769230769231,3.6550295857988164,1,7.0
1225,2.730769230769231,3.6550295857988164,1,11.0
1226,2.730769230769231,3.823076923076923,1,7.0
1227,2.730769230769231,3.823076923076923,1,11.0
1228,2.730769230769231,3.9911242603550297,1,7.0
1229,2.730769230769231,3.9911242603550297,1,11.0
1230,2.730769230769231,4.159171597633136,1,7.0
1231,2.730769230769231,4.159171597633136,1,11.0
1232,2.730769230769231,4.327218934911243,1,7.0
1233,2.730769230769231,4.327218934911243,1,11.0
1234,2.730769230769231,4.495266272189349,1,7.0
1235,2.730769230769231,4.495266272189349,1,11.0
1236,2.730769230769231,4.663313609467455,1,7.0
1237,2.730769230769231,4.663313609467455,1,11.0
1238,2.730769230769231,4.831360946745562,1,7.0
1239,2.730769230769231,4.831360946745562,1,11.0
1240,2.730769230769231,4.9994082840236675,1,7.0
1241,2.730769230769231,4.9994082840236675,1,11.0
1242,2.730769230769231,5.167455621301775,1,7.0
1243,2.730769230769231,5.167455621301775,1,11.0
1244,2.730769230769231,5.335502958579881,1,7.0
1245,2.730769230769231,5.335502958579881,1,11.0
1246,2.730769230769231,5.5035502958579885,1,7.0
1247,2.730769230769231,5.5035502958579885,1,11.0
1248,2.730769230769231,5.671597633136094,1,7.0
1249,2.730769230769231,5.671597633136094,1,11.0
1250,2.730769230769231,5.839644970414201,1,7.0
1251,2.730769230769231,5.839644970414201,1,11.0
1252,2.730769230769231,6.007692307692307,1,7.0
1253,2.730769230769231,6.007692307692307,1,11.0
1254,2.730769230769231,6.175739644970414,1,7.0
1255,2.730769230769231,6.175739644970414,1,11.0
1256,2.730769230769231,6.3437869822485204,1,7.0
1257,2.730769230769231,6.3437869822485204,1,11.0
1258,2.730769230769231,6.511834319526628,1,7.0
1259,2.730769230769231,6.511834319526628,1,11.0
1260,2.730769230769231,6.679881656804733,1,7.0
1261,2.730769230769231,6.679881656804733,1,11.0
1262,2.730769230769231,6.8479289940828405,1,7.0
1263,2.730769230769231,6.8479289940828405,1,11.0
1264,2.730769230769231,7.015976331360946,1,7.0
1265,2.730769230769231,7.015976331360946,1,11.0
1266,2.730769230769231,7.184023668639053,1,7.0
1267,2.730769230769231,7.184023668639053,1,11.0
1268,2.730769230769231,7.35207100591716,1,7.0
1269,2.730769230769231,7.35207100591716,1,11.0
1270,2.730769230769231,7.520118343195266,1,7.0
1271,2.730769230769231,7.520118343195266,1,11.0
1272,2.730769230769231,7.6881656804733725,1,7.0
1273,2.730769230769231,7.6881656804733725,1,11.0
1274,2.730769230769231,7.85621301775148,1,7.0
1275,2.730769230769231,7.85621301775148,1,11.0
1276,2.730769230769231,8.024260355029586,1,7.0
1277,2.730769230769231,8.024260355029586,1,11.0
1278,2.730769230769231,8.192307692307693,1,7.0
1279,2.730769230769231,8.192307692307693,1,11.0
1280,2.8461538461538463,1.7076923076923076,1,7.0
1281,2.8461538461538463,1.7076923076923076,1,11.0
1282,2.8461538461538463,1.8828402366863906,1,7.0
1283,2.8461538461538463,1.8828402366863906,1,11.0
1284,2.8461538461538463,2.0579881656804733,1,7.0
1285,2.8461538461538463,2.0579881656804733,1,11.0
1286,2.8461538461538463,2.233136094674556,1,7.0
1287,2.8461538461538463,2.233136094674556,1,11.0
1288,2.8461538461538463,2.408284023668639,1,7.0
1289,2.8461538461538463,2.408284023668639,1,11.0
1290,2.8461538461538463,2.5834319526627216,1,7.0
1291,2.8461538461538463,2.5834319526627216,1,11.0
1292,2.8461538461538463,2.7585798816568046,1,7.0
1293,2.8461538461538463,2.7585798816568046,1,11.0
1294,2.8461538461538463,2.9337278106508875,1,7.0
1295,2.8461538461538463,2.9337278106508875,1,11.0
1296,2.8461538461538463,3.1088757396449704,1,7.0
1297,2.8461538461538463,3.1088757396449704,1,11.0
1298,2.8461538461538463,3.284023668639053,1,7.0
1299,2.8461538461538463,3.284023668639053,1,11.0
1300,2.8461538461538463,3.459171597633136,1,7.0
1301,2.8461538461538463,3.459171597633136,1,11.0
1302,2.8461538461538463,3.634319526627219,1,7.0
1303,2.8461538461538463,3.634319526627219,1,11.0
1304,2.8461538461538463,3.8094674556213017,1,7.0
1305,2.8461538461538463,3.8094674556213017,1,11.0
1306,2.8461538461538463,3.9846153846153847,1,7.0
1307,2.8461538461538463,3.9846153846153847,1,11.0
1308,2.8461538461538463,4.159763313609467,1,7.0
1309,2.8461538461538463,4.159763313609467,1,11.0
1310,2.8461538461538463,4.3349112426035505,1,7.0
1311,2.8461538461538463,4.3349112426035505,1,11.0
1312,2.8461538461538463,4.510059171597633,1,7.0
1313,2.8461538461538463,4.510059171597633,1,11.0
1314,2.8461538461538463,4.6852071005917155,1,7.0
1315,2.8461538461538463,4.6852071005917155,1,11.0
1316,2.8461538461538463,4.860355029585798,1,7.0
1317,2.8461538461538463,4.860355029585798,1,11.0
1318,2.8461538461538463,5.035502958579881,1,7.0
1319,2.8461538461538463,5.035502958579881,1,11.0
1320,2.8461538461538463,5.210650887573964,1,7.0
1321,2.8461538461538463,5.210650887573964,1,11.0
1322,2.8461538461538463,5.385798816568047,1,7.0
1323,2.8461538461538463,5.385798816568047,1,11.0
1324,2.8461538461538463,5.56094674556213,1,7.0
1325,2.8461538461538463,5.56094674556213,1,11.0
1326,2.8461538461538463,5.736094674556213,1,7.0
1327,2.8461538461538463,5.736094674556213,1,11.0
1328,2.8461538461538463,5.911242603550296,1,7.0
1329,2.8461538461538463,5.911242603550296,1,11.0
1330,2.8461538461538463,6.086390532544379,1,7.0
1331,2.8461538461538463,6.086390532544379,1,11.0
1332,2.8461538461538463,6.261538461538461,1,7.0
1333,2.8461538461538463,6.261538461538461,1,11.0
1334,2.8461538461538463,6.436686390532545,1,7.0
1335,2.8461538461538463,6.436686390532545,1,11.0
1336,2.8461538461538463,6.6118343195266265,1,7.0
1337,2.8461538461538463,6.6118343195266265,1,11.0
1338,2.8461538461538463,6.78698224852071,1,7.0
1339,2.8461538461538463,6.78698224852071,1,11.0
1340,2.8461538461538463,6.962130177514792,1,7.0
1341,2.8461538461538463,6.962130177514792,1,11.0
1342,2.8461538461538463,7.137278106508876,1,7.0
1343,2.8461538461538463,7.137278106508876,1,11.0
1344,2.8461538461538463,7.312426035502958,1,7.0
1345,2.8461538461538463,7.312426035502958,1,11.0
1346,2.8461538461538463,7.487573964497042,1,7.0
1347,2.8461538461538463,7.487573964497042,1,11.0
1348,2.8461538461538463,7.662721893491124,1,7.0
1349,2.8461538461538463,7.662721893491124,1,11.0
1350,2.8461538461538463,7.8378698224852075,1,7.0
1351,2.8461538461538463,7.8378698224852075,1,11.0
1352,2.8461538461538463,8.013017751479289,1,7.0
1353,2.8461538461538463,8.013017751479289,1,11.0
1354,2.8461538461538463,8.188165680473373,1,7.0
1355,2.8461538461538463,8.188165680473373,1,11.0
1356,2.8461538461538463,8.363313609467456,1,7.0
1357,2.8461538461538463,8.363313609467456,1,11.0
1358,2.8461538461538463,8.538461538461538,1,7.0
1359,2.8461538461538463,8.538461538461538,1,11.0
1360,2.9615384615384617,1.776923076923077,1,7.0
1361,2.9615384615384617,1.776923076923077,1,11.0
1362,2.9615384615384617,1.959171597633136,1,7.0
1363,2.9615384615384617,1.959171597633136,1,11.0
1364,2.9615384615384617,2.1414201183431953,1,7.0
1365,2.9615384615384617,2.1414201183431953,1,11.0
1366,2.9615384615384617,2.3236686390532544,1,7.0
1367,2.9615384615384617,2.3236686390532544,1,11.0
1368,2.9615384615384617,2.505917159763314,1,7.0
1369,2.9615384615384617,2.505917159763314,1,11.0
1370,2.9615384615384617,2.6881656804733725,1,7.0
1371,2.9615384615384617,2.6881656804733725,1,11.0
1372,2.9615384615384617,2.870414201183432,1,7.0
1373,2.9615384615384617,2.870414201183432,1,11.0
1374,2.9615384615384617,3.052662721893491,1,7.0
1375,2.9615384615384617,3.052662721893491,1,11.0
1376,2.9615384615384617,3.23491124260355,1,7.0
1377,2.9615384615384617,3.23491124260355,1,11.0
1378,2.9615384615384617,3.4171597633136095,1,7.0
1379,2.9615384615384617,3.4171597633136095,1,11.0
1380,2.9615384615384617,3.5994082840236685,1,7.0
1381,2.9615384615384617,3.5994082840236685,1,11.0
1382,2.9615384615384617,3.7816568047337276,1,7.0
1383,2.9615384615384617,3.7816568047337276,1,11.0
1384,2.9615384615384617,3.963905325443787,1,7.0
1385,2.9615384615384617,3.963905325443787,1,11.0
1386,2.9615384615384617,4.1461538461538465,1,7.0
1387,2.9615384615384617,4.1461538461538465,1,11.0
1388,2.9615384615384617,4.328402366863905,1,7.0
1389,2.9615384615384617,4.328402366863905,1,11.0
1390,2.9615384615384617,4.510650887573965,1,7.0
1391,2.9615384615384617,4.510650887573965,1,11.0
1392,2.9615384615384617,4.692899408284024,1,7.0
1393,2.9615384615384617,4.692899408284024,1,11.0
1394,2.9615384615384617,4.875147928994083,1,7.0
1395,2.9615384615384617,4.875147928994083,1,11.0
1396,2.9615384615384617,5.057396449704141,1,7.0
1397,2.9615384615384617,5.057396449704141,1,11.0
1398,2.9615384615384617,5.239644970414202,1,7.0
1399,2.9615384615384617,5.239644970414202,1,11.0
1400,2.9615384615384617,5.421893491124259,1,7.0
1401,2.9615384615384617,5.421893491124259,1,11.0
1402,2.9615384615384617,5.60414201183432,1,7.0
1403,2.9615384615384617,5.60414201183432,1,11.0
1404,2.9615384615384617,5.786390532544378,1,7.0
1405,2.9615384615384617,5.786390532544378,1,11.0
1406,2.9615384615384617,5.968639053254438,1,7.0
1407,2.9615384615384617,5.968639053254438,1,11.0
1408,2.9615384615384617,6.150887573964496,1,7.0
1409,2.9615384615384617,6.150887573964496,1,11.0
1410,2.9615384615384617,6.333136094674557,1,7.0
1411,2.9615384615384617,6.333136094674557,1,11.0
1412,2.9615384615384617,6.515384615384615,1,7.0
1413,2.9615384615384617,6.515384615384615,1,11.0
1414,2.9615384615384617,6.697633136094675,1,7.0
1415,2.9615384615384617,6.697633136094675,1,11.0
1416,2.9615384615384617,6.879881656804733,1,7.0
1417,2.9615384615384617,6.879881656804733,1,11.0
1418,2.9615384615384617,7.062130177514793,1,7.0
1419,2.9615384615384617,7.062130177514793,1,11.0
1420,2.9615384615384617,7.2443786982248515,1,7.0
1421,2.9615384615384617,7.2443786982248515,1,11.0
1422,2.9615384615384617,7.426627218934912,1,7.0
1423,2.9615384615384617,7.426627218934912,1,11.0
1424,2.9615384615384617,7.60887573964497,1,7.0
1425,2.9615384615384617,7.60887573964497,1,11.0
1426,2.9615384615384617,7.79112426035503,1,7.0
1427,2.9615384615384617,7.79112426035503,1,11.0
1428,2.9615384615384617,7.9733727810650885,1,7.0
1429,2.9615384615384617,7.9733727810650885,1,11.0
1430,2.9615384615384617,8.155621301775149,1,7.0
1431,2.9615384615384617,8.155621301775149,1,11.0
1432,2.9615384615384617,8.337869822485207,1,7.0
1433,2.9615384615384617,8.337869822485207,1,11.0
1434,2.9615384615384617,8.520118343195266,1,7.0
1435,2.9615384615384617,8.520118343195266,1,11.0
1436,2.9615384615384617,8.702366863905326,1,7.0
1437,2.9615384615384617,8.702366863905326,1,11.0
1438,2.9615384615384617,8.884615384615385,1,7.0
1439,2.9615384615384617,8.884615384615385,1,11.0
1440,3.076923076923077,1.8461538461538463,1,7.0
1441,3.076923076923077,1.8461538461538463,1,11.0
1442,3.076923076923077,2.035502958579882,1,7.0
1443,3.076923076923077,2.035502958579882,1,11.0
1444,3.076923076923077,2.2248520710059174,1,7.0
1445,3.076923076923077,2.2248520710059174,1,11.0
1446,3.076923076923077,2.4142011834319526,1,7.0
1447,3.076923076923077,2.4142011834319526,1,11.0
1448,3.076923076923077,2.603550295857988,1,7.0
1449,3.076923076923077,2.603550295857988,1,11.0
1450,3.076923076923077,2.7928994082840233,1,7.0
1451,3.076923076923077,2.7928994082840233,1,11.0
1452,3.076923076923077,2.982248520710059,1,7.0
1453,3.076923076923077,2.982248520710059,1,11.0
1454,3.076923076923077,3.1715976331360944,1,7.0
1455,3.076923076923077,3.1715976331360944,1,11.0
1456,3.076923076923077,3.36094674556213,1,7.0
1457,3.076923076923077,3.36094674556213,1,11.0
1458,3.076923076923077,3.5502958579881656,1,7.0
1459,3.076923076923077,3.5502958579881656,1,11.0
1460,3.076923076923077,3.739644970414201,1,7.0
1461,3.076923076923077,3.739644970414201,1,11.0
1462,3.076923076923077,3.9289940828402368,1,7.0
1463,3.076923076923077,3.9289940828402368,1,11.0
1464,3.076923076923077,4.118343195266272,1,7.0
1465,3.076923076923077,4.118343195266272,1,11.0
1466,3.076923076923077,4.3076923076923075,1,7.0
1467,3.076923076923077,4.3076923076923075,1,11.0
1468,3.076923076923077,4.497041420118343,1,7.0
1469,3.076923076923077,4.497041420118343,1,11.0
1470,3.076923076923077,4.686390532544379,1,7.0
1471,3.076923076923077,4.686390532544379,1,11.0
1472,3.076923076923077,4.875739644970414,1,7.0
1473,3.076923076923077,4.875739644970414,1,11.0
1474,3.076923076923077,5.06508875739645,1,7.0
1475,3.076923076923077,5.06508875739645,1,11.0
1476,3.076923076923077,5.2544378698224845,1,7.0
1477,3.076923076923077,5.2544378698224845,1,11.0
1478,3.076923076923077,5.443786982248521,1,7.0
1479,3.076923076923077,5.443786982248521,1,11.0
1480,3.076923076923077,5.633136094674556,1,7.0
1481,3.076923076923077,5.633136094674556,1,11.0
1482,3.076923076923077,5.822485207100592,1,7.0
1483,3.076923076923077,5.822485207100592,1,11.0
1484,3.076923076923077,6.011834319526627,1,7.0
1485,3.076923076923077,6.011834319526627,1,11.0
1486,3.076923076923077,6.201183431952663,1,7.0
1487,3.076923076923077,6.201183431952663,1,11.0
1488,3.076923076923077,6.390532544378698,1,7.0
1489,3.076923076923077,6.390532544378698,1,11.0
1490,3.076923076923077,6.579881656804734,1,7.0
1491,3.076923076923077,6.579881656804734,1,11.0
1492,3.076923076923077,6.769230769230769,1,7.0
1493,3.076923076923077,6.769230769230769,1,11.0
1494,3.076923076923077,6.958579881656805,1,7.0
1495,3.076923076923077,6.958579881656805,1,11.0
1496,3.076923076923077,7.147928994082839,1,7.0
1497,3.076923076923077,7.147928994082839,1,11.0
1498,3.076923076923077,7.337278106508876,1,7.0
1499,3.076923076923077,7.337278106508876,1,11.0
1500,3.076923076923077,7.526627218934911,1,7.0
1501,3.076923076923077,7.526627218934911,1,11.0
1502,3.076923076923077,7.715976331360947,1,7.0
1503,3.076923076923077,7.715976331360947,1,11.0
1504,3.076923076923077,7.905325443786982,1,7.0
1505,3.076923076923077,7.905325443786982,1,11.0
1506,3.076923076923077,8.094674556213018,1,7.0
1507,3.076923076923077,8.094674556213018,1,11.0
1508,3.076923076923077,8.284023668639053,1,7.0
1509,3.076923076923077,8.284023668639053,1,11.0
1510,3.076923076923077,8.47337278106509,1,7.0
1511,3.076923076923077,8.47337278106509,1,11.0
1512,3.076923076923077,8.662721893491124,1,7.0
1513,3.076923076923077,8.662721893491124,1,11.0
1514,3.076923076923077,8.85207100591716,1,7.0
1515,3.076923076923077,8.85207100591716,1,11.0
1516,3.076923076923077,9.041420118343195,1,7.0
1517,3.076923076923077,9.041420118343195,1,11.0
1518,3.076923076923077,9.230769230769232,1,7.0
1519,3.076923076923077,9.230769230769232,1,11.0
1520,3.1923076923076925,1.9153846153846155,1,7.0
1521,3.1923076923076925,1.9153846153846155,1,11.0
1522,3.1923076923076925,2.1118343195266274,1,7.0
1523,3.1923076923076925,2.1118343195266274,1,11.0
1524,3.1923076923076925,2.308284023668639,1,7.0
1525,3.1923076923076925,2.308284023668639,1,11.0
1526,3.1923076923076925,2.504733727810651,1,7.0
1527,3.1923076923076925,2.504733727810651,1,11.0
1528,3.1923076923076925,2.701183431952663,1,7.0
1529,3.1923076923076925,2.701183431952663,1,11.0
1530,3.1923076923076925,2.8976331360946745,1,7.0
1531,3.1923076923076925,2.8976331360946745,1,11.0
1532,3.1923076923076925,3.0940828402366862,1,7.0
1533,3.1923076923076925,3.0940828402366862,1,11.0
1534,3.1923076923076925,3.290532544378698,1,7.0
1535,3.1923076923076925,3.290532544378698,1,11.0
1536,3.1923076923076925,3.48698224852071,1,7.0
1537,3.1923076923076925,3.48698224852071,1,11.0
1538,3.1923076923076925,3.6834319526627217,1,7.0
1539,3.1923076923076925,3.6834319526627217,1,11.0
1540,3.1923076923076925,3.879881656804734,1,7.0
1541,3.1923076923076925,3.879881656804734,1,11.0
1542,3.1923076923076925,4.076331360946745,1,7.0
1543,3.1923076923076925,4.076331360946745,1,11.0
1544,3.1923076923076925,4.272781065088758,1,7.0
1545,3.1923076923076925,4.272781065088758,1,11.0
1546,3.1923076923076925,4.469230769230769,1,7.0
1547,3.1923076923076925,4.469230769230769,1,11.0
1548,3.1923076923076925,4.665680473372781,1,7.0
1549,3.1923076923076925,4.665680473372781,1,11.0
1550,3.1923076923076925,4.862130177514793,1,7.0
1551,3.1923076923076925,4.862130177514793,1,11.0
1552,3.1923076923076925,5.058579881656804,1,7.0
1553,3.1923076923076925,5.058579881656804,1,11.0
1554,3.1923076923076925,5.255029585798817,1,7.0
1555,3.1923076923076925,5.255029585798817,1,11.0
1556,3.1923076923076925,5.451479289940828,1,7.0
1557,3.1923076923076925,5.451479289940828,1,11.0
1558,3.1923076923076925,5.64792899408284,1,7.0
1559,3.1923076923076925,5.64792899408284,1,11.0
1560,3.1923076923076925,5.844378698224851,1,7.0
1561,3.1923076923076925,5.844378698224851,1,11.0
1562,3.1923076923076925,6.040828402366864,1,7.0
1563,3.1923076923076925,6.040828402366864,1,11.0
1564,3.1923076923076925,6.237278106508875,1,7.0
1565,3.1923076923076925,6.237278106508875,1,11.0
1566,3.1923076923076925,6.433727810650888,1,7.0
1567,3.1923076923076925,6.433727810650888,1,11.0
1568,3.1923076923076925,6.630177514792899,1,7.0
1569,3.1923076923076925,6.630177514792899,1,11.0
1570,3.1923076923076925,6.826627218934911,1,7.0
1571,3.1923076923076925,6.826627218934911,1,11.0
1572,3.1923076923076925,7.023076923076923,1,7.0
1573,3.1923076923076925,7.023076923076923,1,11.0
1574,3.1923076923076925,7.219526627218936,1,7.0
1575,3.1923076923076925,7.219526627218936,1,11.0
1576,3.1923076923076925,7.415976331360946,1,7.0
1577,3.1923076923076925,7.415976331360946,1,11.0
1578,3.1923076923076925,7.612426035502959,1,7.0
1579,3.1923076923076925,7.612426035502959,1,11.0
1580,3.1923076923076925,7.80887573964497,1,7.0
1581,3.1923076923076925,7.80887573964497,1,11.0
1582,3.1923076923076925,8.005325443786983,1,7.0
1583,3.1923076923076925,8.005325443786983,1,11.0
1584,3.1923076923076925,8.201775147928993,1,7.0
1585,3.1923076923076925,8.201775147928993,1,11.0
1586,3.1923076923076925,8.398224852071007,1,7.0
1587,3.1923076923076925,8.398224852071007,1,11.0
1588,3.1923076923076925,8.594674556213018,1,7.0
1589,3.1923076923076925,8.594674556213018,1,11.0
1590,3.1923076923076925,8.79112426035503,1,7.0
1591,3.1923076923076925,8.79112426035503,1,11.0
1592,3.1923076923076925,8.987573964497042,1,7.0
1593,3.1923076923076925,8.987573964497042,1,11.0
1594,3.1923076923076925,9.184023668639053,1,7.0
1595,3.1923076923076925,9.184023668639053,1,11.0
1596,3.1923076923076925,9.380473372781065,1,7.0
1597,3.1923076923076925,9.380473372781065,1,11.0
1598,3.1923076923076925,9.576923076923077,1,7.0
1599,3.1923076923076925,9.576923076923077,1,11.0
1600,3.307692307692308,1.9846153846153847,1,7.0
1601,3.307692307692308,1.9846153846153847,1,11.0
1602,3.307692307692308,2.188165680473373,1,7.0
1603,3.307692307692308,2.188165680473373,1,11.0
1604,3.307692307692308,2.391715976331361,1,7.0
1605,3.307692307692308,2.391715976331361,1,11.0
1606,3.307692307692308,2.5952662721893494,1,7.0
1607,3.307692307692308,2.5952662721893494,1,11.0
1608,3.307692307692308,2.7988165680473376,1,7.0
1609,3.307692307692308,2.7988165680473376,1,11.0
1610,3.307692307692308,3.0023668639053254,1,7.0
1611,3.307692307692308,3.0023668639053254,1,11.0
1612,3.307692307692308,3.2059171597633136,1,7.0
1613,3.307692307692308,3.2059171597633136,1,11.0
1614,3.307692307692308,3.409467455621302,1,7.0
1615,3.307692307692308,3.409467455621302,1,11.0
1616,3.307692307692308,3.61301775147929,1,7.0
1617,3.307692307692308,3.61301775147929,1,11.0
1618,3.307692307692308,3.816568047337278,1,7.0
1619,3.307692307692308,3.816568047337278,1,11.0
1620,3.307692307692308,4.020118343195266,1,7.0
1621,3.307692307692308,4.020118343195266,1,11.0
1622,3.307692307692308,4.223668639053255,1,7.0
1623,3.307692307692308,4.223668639053255,1,11.0
1624,3.307692307692308,4.4272189349112425,1,7.0
1625,3.307692307692308,4.4272189349112425,1,11.0
1626,3.307692307692308,4.630769230769231,1,7.0
1627,3.307692307692308,4.630769230769231,1,11.0
1628,3.307692307692308,4.834319526627219,1,7.0
1629,3.307692307692308,4.834319526627219,1,11.0
1630,3.307692307692308,5.037869822485207,1,7.0
1631,3.307692307692308,5.037869822485207,1,11.0
1632,3.307692307692308,5.241420118343195,1,7.0
1633,3.307692307692308,5.241420118343195,1,11.0
1634,3.307692307692308,5.444970414201183,1,7.0
1635,3.307692307692308,5.444970414201183,1,11.0
1636,3.307692307692308,5.648520710059171,1,7.0
1637,3.307692307692308,5.648520710059171,1,11.0
1638,3.307692307692308,5.85207100591716,1,7.0
1639,3.307692307692308,5.85207100591716,1,11.0
1640,3.307692307692308,6.0556213017751475,1,7.0
1641,3.307692307692308,6.0556213017751475,1,11.0
1642,3.307692307692308,6.259171597633136,1,7.0
1643,3.307692307692308,6.259171597633136,1,11.0
1644,3.307692307692308,6.462721893491124,1,7.0
1645,3.307692307692308,6.462721893491124,1,11.0
1646,3.307692307692308,6.666272189349113,1,7.0
1647,3.307692307692308,6.666272189349113,1,11.0
1648,3.307692307692308,6.8698224852071,1,7.0
1649,3.307692307692308,6.8698224852071,1,11.0
1650,3.307692307692308,7.073372781065089,1,7.0
1651,3.307692307692308,7.073372781065089,1,11.0
1652,3.307692307692308,7.276923076923077,1,7.0
1653,3.307692307692308,7.276923076923077,1,11.0
1654,3.307692307692308,7.4804733727810655,1,7.0
1655,3.307692307692308,7.4804733727810655,1,11.0
1656,3.307692307692308,7.684023668639053,1,7.0
1657,3.307692307692308,7.684023668639053,1,11.0
1658,3.307692307692308,7.887573964497042,1,7.0
1659,3.307692307692308,7.887573964497042,1,11.0
1660,3.307692307692308,8.091124260355029,1,7.0
1661,3.307692307692308,8.091124260355029,1,11.0
1662,3.307692307692308,8.294674556213018,1,7.0
1663,3.307692307692308,8.294674556213018,1,11.0
1664,3.307692307692308,8.498224852071006,1,7.0
1665,3.307692307692308,8.498224852071006,1,11.0
1666,3.307692307692308,8.701775147928995,1,7.0
1667,3.307692307692308,8.701775147928995,1,11.0
1668,3.307692307692308,8.905325443786982,1,7.0
1669,3.307692307692308,8.905325443786982,1,11.0
1670,3.307692307692308,9.10887573964497,1,7.0
1671,3.307692307692308,9.10887573964497,1,11.0
1672,3.307692307692308,9.312426035502959,1,7.0
1673,3.307692307692308,9.312426035502959,1,11.0
1674,3.307692307692308,9.515976331360948,1,7.0
1675,3.307692307692308,9.515976331360948,1,11.0
1676,3.307692307692308,9.719526627218935,1,7.0
1677,3.307692307692308,9.719526627218935,1,11.0
1678,3.307692307692308,9.923076923076923,1,7.0
1679,3.307692307692308,9.923076923076923,1,11.0
1680,3.4230769230769234,2.053846153846154,1,7.0
1681,3.4230769230769234,2.053846153846154,1,11.0
1682,3.4230769230769234,2.2644970414201184,1,7.0
1683,3.4230769230769234,2.2644970414201184,1,11.0
1684,3.4230769230769234,2.475147928994083,1,7.0
1685,3.4230769230769234,2.475147928994083,1,11.0
1686,3.4230769230769234,2.6857988165680475,1,7.0
1687,3.4230769230769234,2.6857988165680475,1,11.0
1688,3.4230769230769234,2.896449704142012,1,7.0
1689,3.4230769230769234,2.896449704142012,1,11.0
1690,3.4230769230769234,3.107100591715976,1,7.0
1691,3.4230769230769234,3.107100591715976,1,11.0
1692,3.4230769230769234,3.3177514792899405,1,7.0
1693,3.4230769230769234,3.3177514792899405,1,11.0
1694,3.4230769230769234,3.5284023668639053,1,7.0
1695,3.4230769230769234,3.5284023668639053,1,11.0
1696,3.4230769230769234,3.7390532544378696,1,7.0
1697,3.4230769230769234,3.7390532544378696,1,11.0
1698,3.4230769230769234,3.9497041420118344,1,7.0
1699,3.4230769230769234,3.9497041420118344,1,11.0
1700,3.4230769230769234,4.160355029585799,1,7.0
1701,3.4230769230769234,4.160355029585799,1,11.0
1702,3.4230769230769234,4.3710059171597635,1,7.0
1703,3.4230769230769234,4.3710059171597635,1,11.0
1704,3.4230769230769234,4.581656804733728,1,7.0
1705,3.4230769230769234,4.581656804733728,1,11.0
1706,3.4230769230769234,4.792307692307692,1,7.0
1707,3.4230769230769234,4.792307692307692,1,11.0
1708,3.4230769230769234,5.002958579881657,1,7.0
1709,3.4230769230769234,5.002958579881657,1,11.0
1710,3.4230769230769234,5.213609467455622,1,7.0
1711,3.4230769230769234,5.213609467455622,1,11.0
1712,3.4230769230769234,5.424260355029586,1,7.0
1713,3.4230769230769234,5.424260355029586,1,11.0
1714,3.4230769230769234,5.63491124260355,1,7.0
1715,3.4230769230769234,5.63491124260355,1,11.0
1716,3.4230769230769234,5.845562130177514,1,7.0
1717,3.4230769230769234,5.845562130177514,1,11.0
1718,3.4230769230769234,6.05621301775148,1,7.0
1719,3.4230769230769234,6.05621301775148,1,11.0
1720,3.4230769230769234,6.266863905325443,1,7.0
1721,3.4230769230769234,6.266863905325443,1,11.0
1722,3.4230769230769234,6.477514792899409,1,7.0
1723,3.4230769230769234,6.477514792899409,1,11.0
1724,3.4230769230769234,6.6881656804733725,1,7.0
1725,3.4230769230769234,6.6881656804733725,1,11.0
1726,3.4230769230769234,6.898816568047337,1,7.0
1727,3.4230769230769234,6.898816568047337,1,11.0
1728,3.4230769230769234,7.109467455621301,1,7.0
1729,3.4230769230769234,7.109467455621301,1,11.0
1730,3.4230769230769234,7.320118343195267,1,7.0
1731,3.4230769230769234,7.320118343195267,1,11.0
1732,3.4230769230769234,7.530769230769231,1,7.0
1733,3.4230769230769234,7.530769230769231,1,11.0
1734,3.4230769230769234,7.741420118343195,1,7.0
1735,3.4230769230769234,7.741420118343195,1,11.0
1736,3.4230769230769234,7.952071005917159,1,7.0
1737,3.4230769230769234,7.952071005917159,1,11.0
1738,3.4230769230769234,8.162721893491124,1,7.0
1739,3.4230769230769234,8.162721893491124,1,11.0
1740,3.4230769230769234,8.373372781065088,1,7.0
1741,3.4230769230769234,8.373372781065088,1,11.0
1742,3.4230769230769234,8.584023668639054,1,7.0
1743,3.4230769230769234,8.584023668639054,1,11.0
1744,3.4230769230769234,8.794674556213018,1,7.0
1745,3.4230769230769234,8.794674556213018,1,11.0
1746,3.4230769230769234,9.005325443786983,1,7.0
1747,3.4230769230769234,9.005325443786983,1,11.0
1748,3.4230769230769234,9.215976331360947,1,7.0
1749,3.4230769230769234,9.215976331360947,1,11.0
1750,3.4230769230769234,9.426627218934913,1,7.0
1751,3.4230769230769234,9.426627218934913,1,11.0
1752,3.4230769230769234,9.637278106508875,1,7.0
1753,3.4230769230769234,9.637278106508875,1,11.0
1754,3.4230769230769234,9.84792899408284,1,7.0
1755,3.4230769230769234,9.84792899408284,1,11.0
1756,3.4230769230769234,10.058579881656804,1,7.0
1757,3.4230769230769234,10.058579881656804,1,11.0
1758,3.4230769230769234,10.26923076923077,1,7.0
1759,3.4230769230769234,10.26923076923077,1,11.0
1760,3.5384615384615388,2.123076923076923,1,7.0
1761,3.5384615384615388,2.123076923076923,1,11.0
1762,3.5384615384615388,2.340828402366864,1,7.0
1763,3.5384615384615388,2.340828402366864,1,11.0
1764,3.5384615384615388,2.558579881656805,1,7.0
1765,3.5384615384615388,2.558579881656805,1,11.0
1766,3.5384615384615388,2.7763313609467457,1,7.0
1767,3.5384615384615388,2.7763313609467457,1,11.0
1768,3.5384615384615388,2.9940828402366866,1,7.0
1769,3.5384615384615388,2.9940828402366866,1,11.0
1770,3.5384615384615388,3.211834319526627,1,7.0
1771,3.5384615384615388,3.211834319526627,1,11.0
1772,3.5384615384615388,3.429585798816568,1,7.0
1773,3.5384615384615388,3.429585798816568,1,11.0
1774,3.5384615384615388,3.6473372781065088,1,7.0
1775,3.5384615384615388,3.6473372781065088,1,11.0
1776,3.5384615384615388,3.8650887573964496,1,7.0
1777,3.5384615384615388,3.8650887573964496,1,11.0
1778,3.5384615384615388,4.0828402366863905,1,7.0
1779,3.5384615384615388,4.0828402366863905,1,11.0
1780,3.5384615384615388,4.300591715976331,1,7.0
1781,3.5384615384615388,4.300591715976331,1,11.0
1782,3.5384615384615388,4.518343195266272,1,7.0
1783,3.5384615384615388,4.518343195266272,1,11.0
1784,3.5384615384615388,4.736094674556213,1,7.0
1785,3.5384615384615388,4.736094674556213,1,11.0
1786,3.5384615384615388,4.953846153846154,1,7.0
1787,3.5384615384615388,4.953846153846154,1,11.0
1788,3.5384615384615388,5.171597633136095,1,7.0
1789,3.5384615384615388,5.171597633136095,1,11.0
1790,3.5384615384615388,5.389349112426036,1,7.0
1791,3.5384615384615388,5.389349112426036,1,11.0
1792,3.5384615384615388,5.607100591715977,1,7.0
1793,3.5384615384615388,5.607100591715977,1,11.0
1794,3.5384615384615388,5.8248520710059175,1,7.0
1795,3.5384615384615388,5.8248520710059175,1,11.0
1796,3.5384615384615388,6.0426035502958575,1,7.0
1797,3.5384615384615388,6.0426035502958575,1,11.0
1798,3.5384615384615388,6.260355029585799,1,7.0
1799,3.5384615384615388,6.260355029585799,1,11.0
1800,3.5384615384615388,6.478106508875739,1,7.0
1801,3.5384615384615388,6.478106508875739,1,11.0
1802,3.5384615384615388,6.695857988165681,1,7.0
1803,3.5384615384615388,6.695857988165681,1,11.0
1804,3.5384615384615388,6.913609467455621,1,7.0
1805,3.5384615384615388,6.913609467455621,1,11.0
1806,3.5384615384615388,7.131360946745563,1,7.0
1807,3.5384615384615388,7.131360946745563,1,11.0
1808,3.5384615384615388,7.349112426035503,1,7.0
1809,3.5384615384615388,7.349112426035503,1,11.0
1810,3.5384615384615388,7.5668639053254445,1,7.0
1811,3.5384615384615388,7.5668639053254445,1,11.0
1812,3.5384615384615388,7.7846153846153845,1,7.0
1813,3.5384615384615388,7.7846153846153845,1,11.0
1814,3.5384615384615388,8.002366863905326,1,7.0
1815,3.5384615384615388,8.002366863905326,1,11.0
1816,3.5384615384615388,8.220118343195265,1,7.0
1817,3.5384615384615388,8.220118343195265,1,11.0
1818,3.5384615384615388,8.437869822485208,1,7.0
1819,3.5384615384615388,8.437869822485208,1,11.0
1820,3.5384615384615388,8.655621301775147,1,7.0
1821,3.5384615384615388,8.655621301775147,1,11.0
1822,3.5384615384615388,8.87337278106509,1,7.0
1823,3.5384615384615388,8.87337278106509,1,11.0
1824,3.5384615384615388,9.091124260355029,1,7.0
1825,3.5384615384615388,9.091124260355029,1,11.0
1826,3.5384615384615388,9.308875739644972,1,7.0
1827,3.5384615384615388,9.308875739644972,1,11.0
1828,3.5384615384615388,9.52662721893491,1,7.0
1829,3.5384615384615388,9.52662721893491,1,11.0
1830,3.5384615384615388,9.744378698224853,1,7.0
1831,3.5384615384615388,9.744378698224853,1,11.0
1832,3.5384615384615388,9.962130177514792,1,7.0
1833,3.5384615384615388,9.962130177514792,1,11.0
1834,3.5384615384615388,10.179881656804735,1,7.0
1835,3.5384615384615388,10.179881656804735,1,11.0
1836,3.5384615384615388,10.397633136094674,1,7.0
1837,3.5384615384615388,10.397633136094674,1,11.0
1838,3.5384615384615388,10.615384615384617,1,7.0
1839,3.5384615384615388,10.615384615384617,1,11.0
1840,3.653846153846154,2.1923076923076925,1,7.0
1841,3.653846153846154,2.1923076923076925,1,11.0
1842,3.653846153846154,2.4171597633136095,1,7.0
1843,3.653846153846154,2.4171597633136095,1,11.0
1844,3.653846153846154,2.642011834319527,1,7.0
1845,3.653846153846154,2.642011834319527,1,11.0
1846,3.653846153846154,2.866863905325444,1,7.0
1847,3.653846153846154,2.866863905325444,1,11.0
1848,3.653846153846154,3.0917159763313613,1,7.0
1849,3.653846153846154,3.0917159763313613,1,11.0
1850,3.653846153846154,3.316568047337278,1,7.0
1851,3.653846153846154,3.316568047337278,1,11.0
1852,3.653846153846154,3.5414201183431953,1,7.0
1853,3.653846153846154,3.5414201183431953,1,11.0
1854,3.653846153846154,3.7662721893491122,1,7.0
1855,3.653846153846154,3.7662721893491122,1,11.0
1856,3.653846153846154,3.9911242603550297,1,7.0
1857,3.653846153846154,3.9911242603550297,1,11.0
1858,3.653846153846154,4.215976331360947,1,7.0
1859,3.653846153846154,4.215976331360947,1,11.0
1860,3.653846153846154,4.440828402366864,1,7.0
1861,3.653846153846154,4.440828402366864,1,11.0
1862,3.653846153846154,4.665680473372781,1,7.0
1863,3.653846153846154,4.665680473372781,1,11.0
1864,3.653846153846154,4.890532544378698,1,7.0
1865,3.653846153846154,4.890532544378698,1,11.0
1866,3.653846153846154,5.115384615384616,1,7.0
1867,3.653846153846154,5.115384615384616,1,11.0
1868,3.653846153846154,5.340236686390533,1,7.0
1869,3.653846153846154,5.340236686390533,1,11.0
1870,3.653846153846154,5.56508875739645,1,7.0
1871,3.653846153846154,5.56508875739645,1,11.0
1872,3.653846153846154,5.789940828402367,1,7.0
1873,3.653846153846154,5.789940828402367,1,11.0
1874,3.653846153846154,6.014792899408285,1,7.0
1875,3.653846153846154,6.014792899408285,1,11.0
1876,3.653846153846154,6.239644970414201,1,7.0
1877,3.653846153846154,6.239644970414201,1,11.0
1878,3.653846153846154,6.464497041420119,1,7.0
1879,3.653846153846154,6.464497041420119,1,11.0
1880,3.653846153846154,6.689349112426035,1,7.0
1881,3.653846153846154,6.689349112426035,1,11.0
1882,3.653846153846154,6.9142011834319534,1,7.0
1883,3.653846153846154,6.9142011834319534,1,11.0
1884,3.653846153846154,7.1390532544378695,1,7.0
1885,3.653846153846154,7.1390532544378695,1,11.0
1886,3.653846153846154,7.363905325443787,1,7.0
1887,3.653846153846154,7.363905325443787,1,11.0
1888,3.653846153846154,7.5887573964497035,1,7.0
1889,3.653846153846154,7.5887573964497035,1,11.0
1890,3.653846153846154,7.813609467455622,1,7.0
1891,3.653846153846154,7.813609467455622,1,11.0
1892,3.653846153846154,8.038461538461538,1,7.0
1893,3.653846153846154,8.038461538461538,1,11.0
1894,3.653846153846154,8.263313609467456,1,7.0
1895,3.653846153846154,8.263313609467456,1,11.0
1896,3.653846153846154,8.488165680473372,1,7.0
1897,3.653846153846154,8.488165680473372,1,11.0
1898,3.653846153846154,8.71301775147929,1,7.0
1899,3.653846153846154,8.71301775147929,1,11.0
1900,3.653846153846154,8.937869822485206,1,7.0
1901,3.653846153846154,8.937869822485206,1,11.0
1902,3.653846153846154,9.162721893491126,1,7.0
1903,3.653846153846154,9.162721893491126,1,11.0
1904,3.653846153846154,9.387573964497042,1,7.0
1905,3.653846153846154,9.387573964497042,1,11.0
1906,3.653846153846154,9.61242603550296,1,7.0
1907,3.653846153846154,9.61242603550296,1,11.0
1908,3.653846153846154,9.837278106508876,1,7.0
1909,3.653846153846154,9.837278106508876,1,11.0
1910,3.653846153846154,10.062130177514794,1,7.0
1911,3.653846153846154,10.062130177514794,1,11.0
1912,3.653846153846154,10.28698224852071,1,7.0
1913,3.653846153846154,10.28698224852071,1,11.0
1914,3.653846153846154,10.511834319526628,1,7.0
1915,3.653846153846154,10.511834319526628,1,11.0
1916,3.653846153846154,10.736686390532544,1,7.0
1917,3.653846153846154,10.736686390532544,1,11.0
1918,3.653846153846154,10.961538461538463,1,7.0
1919,3.653846153846154,10.961538461538463,1,11.0
1920,3.769230769230769,2.2615384615384615,1,7.0
1921,3.769230769230769,2.2615384615384615,1,11.0
1922,3.769230769230769,2.493491124260355,1,7.0
1923,3.769230769230769,2.493491124260355,1,11.0
1924,3.769230769230769,2.7254437869822485,1,7.0
1925,3.769230769230769,2.7254437869822485,1,11.0
1926,3.769230769230769,2.957396449704142,1,7.0
1927,3.769230769230769,2.957396449704142,1,11.0
1928,3.769230769230769,3.1893491124260356,1,7.0
1929,3.769230769230769,3.1893491124260356,1,11.0
1930,3.769230769230769,3.4213017751479287,1,7.0
1931,3.769230769230769,3.4213017751479287,1,11.0
1932,3.769230769230769,3.653254437869822,1,7.0
1933,3.769230769230769,3.653254437869822,1,11.0
1934,3.769230769230769,3.8852071005917157,1,7.0
1935,3.769230769230769,3.8852071005917157,1,11.0
1936,3.769230769230769,4.117159763313609,1,7.0
1937,3.769230769230769,4.117159763313609,1,11.0
1938,3.769230769230769,4.349112426035503,1,7.0
1939,3.769230769230769,4.349112426035503,1,11.0
1940,3.769230769230769,4.581065088757396,1,7.0
1941,3.769230769230769,4.581065088757396,1,11.0
1942,3.769230769230769,4.81301775147929,1,7.0
1943,3.769230769230769,4.81301775147929,1,11.0
1944,3.769230769230769,5.044970414201183,1,7.0
1945,3.769230769230769,5.044970414201183,1,11.0
1946,3.769230769230769,5.276923076923077,1,7.0
1947,3.769230769230769,5.276923076923077,1,11.0
1948,3.769230769230769,5.50887573964497,1,7.0
1949,3.769230769230769,5.50887573964497,1,11.0
1950,3.769230769230769,5.740828402366864,1,7.0
1951,3.769230769230769,5.740828402366864,1,11.0
1952,3.769230769230769,5.972781065088757,1,7.0
1953,3.769230769230769,5.972781065088757,1,11.0
1954,3.769230769230769,6.204733727810651,1,7.0
1955,3.769230769230769,6.204733727810651,1,11.0
1956,3.769230769230769,6.436686390532543,1,7.0
1957,3.769230769230769,6.436686390532543,1,11.0
1958,3.769230769230769,6.668639053254437,1,7.0
1959,3.769230769230769,6.668639053254437,1,11.0
1960,3.769230769230769,6.90059171597633,1,7.0
1961,3.769230769230769,6.90059171597633,1,11.0
1962,3.769230769230769,7.132544378698224,1,7.0
1963,3.769230769230769,7.132544378698224,1,11.0
1964,3.769230769230769,7.364497041420117,1,7.0
1965,3.769230769230769,7.364497041420117,1,11.0
1966,3.769230769230769,7.596449704142011,1,7.0
1967,3.769230769230769,7.596449704142011,1,11.0
1968,3.769230769230769,7.828402366863904,1,7.0
1969,3.769230769230769,7.828402366863904,1,11.0
1970,3.769230769230769,8.060355029585798,1,7.0
1971,3.769230769230769,8.060355029585798,1,11.0
1972,3.769230769230769,8.292307692307691,1,7.0
1973,3.769230769230769,8.292307692307691,1,11.0
1974,3.769230769230769,8.524260355029586,1,7.0
1975,3.769230769230769,8.524260355029586,1,11.0
1976,3.769230769230769,8.756213017751477,1,7.0
1977,3.769230769230769,8.756213017751477,1,11.0
1978,3.769230769230769,8.988165680473372,1,7.0
1979,3.769230769230769,8.988165680473372,1,11.0
1980,3.769230769230769,9.220118343195265,1,7.0
1981,3.769230769230769,9.220118343195265,1,11.0
1982,3.769230769230769,9.45207100591716,1,7.0
1983,3.769230769230769,9.45207100591716,1,11.0
1984,3.769230769230769,9.684023668639052,1,7.0
1985,3.769230769230769,9.684023668639052,1,11.0
1986,3.769230769230769,9.915976331360946,1,7.0
1987,3.769230769230769,9.915976331360946,1,11.0
1988,3.769230769230769,10.14792899408284,1,7.0
1989,3.769230769230769,10.14792899408284,1,11.0
1990,3.769230769230769,10.379881656804734,1,7.0
1991,3.769230769230769,10.379881656804734,1,11.0
1992,3.769230769230769,10.611834319526626,1,7.0
1993,3.769230769230769,10.611834319526626,1,11.0
1994,3.769230769230769,10.84378698224852,1,7.0
1995,3.769230769230769,10.84378698224852,1,11.0
1996,3.769230769230769,11.075739644970414,1,7.0
1997,3.769230769230769,11.075739644970414,1,11.0
1998,3.769230769230769,11.307692307692307,1,7.0
1999,3.769230769230769,11.307692307692307,1,11.0
2000,3.8846153846153846,2.3307692307692305,1,7.0
2001,3.8846153846153846,2.3307692307692305,1,11.0
2002,3.8846153846153846,2.5698224852071005,1,7.0
2003,3.8846153846153846,2.5698224852071005,1,11.0
2004,3.8846153846153846,2.80887573964497,1,7.0
2005,3.8846153846153846,2.80887573964497,1,11.0
2006,3.8846153846153846,3.0479289940828402,1,7.0
2007,3.8846153846153846,3.0479289940828402,1,11.0
2008,3.8846153846153846,3.28698224852071,1,7.0
2009,3.8846153846153846,3.28698224852071,1,11.0
2010,3.8846153846153846,3.5260355029585795,1,7.0
2011,3.8846153846153846,3.5260355029585795,1,11.0
2012,3.8846153846153846,3.765088757396449,1,7.0
2013,3.8846153846153846,3.765088757396449,1,11.0
2014,3.8846153846153846,4.004142011834319,1,7.0
2015,3.8846153846153846,4.004142011834319,1,11.0
2016,3.8846153846153846,4.243195266272189,1,7.0
2017,3.8846153846153846,4.243195266272189,1,11.0
2018,3.8846153846153846,4.482248520710058,1,7.0
2019,3.8846153846153846,4.482248520710058,1,11.0
2020,3.8846153846153846,4.7213017751479285,1,7.0
2021,3.8846153846153846,4.7213017751479285,1,11.0
2022,3.8846153846153846,4.9603550295857985,1,7.0
2023,3.8846153846153846,4.9603550295857985,1,11.0
2024,3.8846153846153846,5.199408284023669,1,7.0
2025,3.8846153846153846,5.199408284023669,1,11.0
2026,3.8846153846153846,5.438461538461538,1,7.0
2027,3.8846153846153846,5.438461538461538,1,11.0
2028,3.8846153846153846,5.677514792899408,1,7.0
2029,3.8846153846153846,5.677514792899408,1,11.0
2030,3.8846153846153846,5.916568047337278,1,7.0
2031,3.8846153846153846,5.916568047337278,1,11.0
2032,3.8846153846153846,6.155621301775148,1,7.0
2033,3.8846153846153846,6.155621301775148,1,11.0
2034,3.8846153846153846,6.394674556213017,1,7.0
2035,3.8846153846153846,6.394674556213017,1,11.0
2036,3.8846153846153846,6.633727810650886,1,7.0
2037,3.8846153846153846,6.633727810650886,1,11.0
2038,3.8846153846153846,6.872781065088757,1,7.0
2039,3.8846153846153846,6.872781065088757,1,11.0
2040,3.8846153846153846,7.1118343195266265,1,7.0
2041,3.8846153846153846,7.1118343195266265,1,11.0
2042,3.8846153846153846,7.3508875739644965,1,7.0
2043,3.8846153846153846,7.3508875739644965,1,11.0
2044,3.8846153846153846,7.589940828402366,1,7.0
2045,3.8846153846153846,7.589940828402366,1,11.0
2046,3.8846153846153846,7.828994082840237,1,7.0
2047,3.8846153846153846,7.828994082840237,1,11.0
2048,3.8846153846153846,8.068047337278106,1,7.0
2049,3.8846153846153846,8.068047337278106,1,11.0
2050,3.8846153846153846,8.307100591715976,1,7.0
2051,3.8846153846153846,8.307100591715976,1,11.0
2052,3.8846153846153846,8.546153846153844,1,7.0
2053,3.8846153846153846,8.546153846153844,1,11.0
2054,3.8846153846153846,8.785207100591716,1,7.0
2055,3.8846153846153846,8.785207100591716,1,11.0
2056,3.8846153846153846,9.024260355029584,1,7.0
2057,3.8846153846153846,9.024260355029584,1,11.0
2058,3.8846153846153846,9.263313609467456,1,7.0
2059,3.8846153846153846,9.263313609467456,1,11.0
2060,3.8846153846153846,9.502366863905324,1,7.0
2061,3.8846153846153846,9.502366863905324,1,11.0
2062,3.8846153846153846,9.741420118343195,1,7.0
2063,3.8846153846153846,9.741420118343195,1,11.0
2064,3.8846153846153846,9.980473372781065,1,7.0
2065,3.8846153846153846,9.980473372781065,1,11.0
2066,3.8846153846153846,10.219526627218935,1,7.0
2067,3.8846153846153846,10.219526627218935,1,11.0
2068,3.8846153846153846,10.458579881656803,1,7.0
2069,3.8846153846153846,10.458579881656803,1,11.0
2070,3.8846153846153846,10.697633136094675,1,7.0
2071,3.8846153846153846,10.697633136094675,1,11.0
2072,3.8846153846153846,10.936686390532543,1,7.0
2073,3.8846153846153846,10.936686390532543,1,11.0
2074,3.8846153846153846,11.175739644970415,1,7.0
2075,3.8846153846153846,11.175739644970415,1,11.0
2076,3.8846153846153846,11.414792899408283,1,7.0
2077,3.8846153846153846,11.414792899408283,1,11.0
2078,3.8846153846153846,11.653846153846153,1,7.0
2079,3.8846153846153846,11.653846153846153,1,11.0
2080,4.0,2.4,1,7.0
2081,4.0,2.4,1,11.0
2082,4.0,2.646153846153846,1,7.0
2083,4.0,2.646153846153846,1,11.0
2084,4.0,2.8923076923076922,1,7.0
2085,4.0,2.8923076923076922,1,11.0
2086,4.0,3.1384615384615384,1,7.0
2087,4.0,3.1384615384615384,1,11.0
2088,4.0,3.3846153846153846,1,7.0
2089,4.0,3.3846153846153846,1,11.0
2090,4.0,3.6307692307692303,1,7.0
2091,4.0,3.6307692307692303,1,11.0
2092,4.0,3.8769230769230765,1,7.0
2093,4.0,3.8769230769230765,1,11.0
2094,4.0,4.123076923076923,1,7.0
2095,4.0,4.123076923076923,1,11.0
2096,4.0,4.369230769230769,1,7.0
2097,4.0,4.369230769230769,1,11.0
2098,4.0,4.615384615384615,1,7.0
2099,4.0,4.615384615384615,1,11.0
2100,4.0,4.861538461538461,1,7.0
2101,4.0,4.861538461538461,1,11.0
2102,4.0,5.107692307692307,1,7.0
2103,4.0,5.107692307692307,1,11.0
2104,4.0,5.3538461538461535,1,7.0
2105,4.0,5.3538461538461535,1,11.0
2106,4.0,5.6,1,7.0
2107,4.0,5.6,1,11.0
2108,4.0,5.846153846153846,1,7.0
2109,4.0,5.846153846153846,1,11.0
2110,4.0,6.092307692307692,1,7.0
2111,4.0,6.092307692307692,1,11.0
2112,4.0,6.338461538461538,1,7.0
2113,4.0,6.338461538461538,1,11.0
2114,4.0,6.584615384615384,1,7.0
2115,4.0,6.584615384615384,1,11.0
2116,4.0,6.83076923076923,1,7.0
2117,4.0,6.83076923076923,1,11.0
2118,4.0,7.076923076923077,1,7.0
2119,4.0,7.076923076923077,1,11.0
2120,4.0,7.323076923076922,1,7.0
2121,4.0,7.323076923076922,1,11.0
2122,4.0,7.569230769230769,1,7.0
2123,4.0,7.569230769230769,1,11.0
2124,4.0,7.815384615384614,1,7.0
2125,4.0,7.815384615384614,1,11.0
2126,4.0,8.061538461538461,1,7.0
2127,4.0,8.061538461538461,1,11.0
2128,4.0,8.307692307692307,1,7.0
2129,4.0,8.307692307692307,1,11.0
2130,4.0,8.553846153846154,1,7.0
2131,4.0,8.553846153846154,1,11.0
2132,4.0,8.799999999999999,1,7.0
2133,4.0,8.799999999999999,1,11.0
2134,4.0,9.046153846153846,1,7.0
2135,4.0,9.046153846153846,1,11.0
2136,4.0,9.292307692307691,1,7.0
2137,4.0,9.292307692307691,1,11.0
2138,4.0,9.538461538461538,1,7.0
2139,4.0,9.538461538461538,1,11.0
2140,4.0,9.784615384615384,1,7.0
2141,4.0,9.784615384615384,1,11.0
2142,4.0,10.03076923076923,1,7.0
2143,4.0,10.03076923076923,1,11.0
2144,4.0,10.276923076923076,1,7.0
2145,4.0,10.276923076923076,1,11.0
2146,4.0,10.523076923076923,1,7.0
2147,4.0,10.523076923076923,1,11.0
2148,4.0,10.769230769230768,1,7.0
2149,4.0,10.769230769230768,1,11.0
2150,4.0,11.015384615384615,1,7.0
2151,4.0,11.015384615384615,1,11.0
2152,4.0,11.26153846153846,1,7.0
2153,4.0,11.26153846153846,1,11.0
2154,4.0,11.507692307692308,1,7.0
2155,4.0,11.507692307692308,1,11.0
2156,4.0,11.753846153846153,1,7.0
2157,4.0,11.753846153846153,1,11.0
2158,4.0,12.0,1,7.0
2159,4.0,12.0,1,11.0
2160,4.115384615384615,2.469230769230769,1,7.0
2161,4.115384615384615,2.469230769230769,1,11.0
2162,4.115384615384615,2.722485207100591,1,7.0
2163,4.115384615384615,2.722485207100591,1,11.0
2164,4.115384615384615,2.975739644970414,1,7.0
2165,4.115384615384615,2.975739644970414,1,11.0
2166,4.115384615384615,3.228994082840236,1,7.0
2167,4.115384615384615,3.228994082840236,1,11.0
2168,4.115384615384615,3.482248520710059,1,7.0
2169,4.115384615384615,3.482248520710059,1,11.0
2170,4.115384615384615,3.7355029585798807,1,7.0
2171,4.115384615384615,3.7355029585798807,1,11.0
2172,4.115384615384615,3.9887573964497034,1,7.0
2173,4.115384615384615,3.9887573964497034,1,11.0
2174,4.115384615384615,4.242011834319526,1,7.0
2175,4.115384615384615,4.242011834319526,1,11.0
2176,4.115384615384615,4.495266272189348,1,7.0
2177,4.115384615384615,4.495266272189348,1,11.0
2178,4.115384615384615,4.748520710059171,1,7.0
2179,4.115384615384615,4.748520710059171,1,11.0
2180,4.115384615384615,5.001775147928993,1,7.0
2181,4.115384615384615,5.001775147928993,1,11.0
2182,4.115384615384615,5.255029585798816,1,7.0
2183,4.115384615384615,5.255029585798816,1,11.0
2184,4.115384615384615,5.508284023668638,1,7.0
2185,4.115384615384615,5.508284023668638,1,11.0
2186,4.115384615384615,5.761538461538461,1,7.0
2187,4.115384615384615,5.761538461538461,1,11.0
2188,4.115384615384615,6.014792899408283,1,7.0
2189,4.115384615384615,6.014792899408283,1,11.0
2190,4.115384615384615,6.268047337278105,1,7.0
2191,4.115384615384615,6.268047337278105,1,11.0
2192,4.115384615384615,6.521301775147928,1,7.0
2193,4.115384615384615,6.521301775147928,1,11.0
2194,4.115384615384615,6.774556213017751,1,7.0
2195,4.115384615384615,6.774556213017751,1,11.0
2196,4.115384615384615,7.027810650887572,1,7.0
2197,4.115384615384615,7.027810650887572,1,11.0
2198,4.115384615384615,7.281065088757395,1,7.0
2199,4.115384615384615,7.281065088757395,1,11.0
2200,4.115384615384615,7.534319526627217,1,7.0
2201,4.115384615384615,7.534319526627217,1,11.0
2202,4.115384615384615,7.7875739644970405,1,7.0
2203,4.115384615384615,7.7875739644970405,1,11.0
2204,4.115384615384615,8.040828402366863,1,7.0
2205,4.115384615384615,8.040828402366863,1,11.0
2206,4.115384615384615,8.294082840236685,1,7.0
2207,4.115384615384615,8.294082840236685,1,11.0
2208,4.115384615384615,8.547337278106507,1,7.0
2209,4.115384615384615,8.547337278106507,1,11.0
2210,4.115384615384615,8.80059171597633,1,7.0
2211,4.115384615384615,8.80059171597633,1,11.0
2212,4.115384615384615,9.053846153846152,1,7.0
2213,4.115384615384615,9.053846153846152,1,11.0
2214,4.115384615384615,9.307100591715976,1,7.0
2215,4.115384615384615,9.307100591715976,1,11.0
2216,4.115384615384615,9.560355029585796,1,7.0
2217,4.115384615384615,9.560355029585796,1,11.0
2218,4.115384615384615,9.81360946745562,1,7.0
2219,4.115384615384615,9.81360946745562,1,11.0
2220,4.115384615384615,10.066863905325441,1,7.0
2221,4.115384615384615,10.066863905325441,1,11.0
2222,4.115384615384615,10.320118343195265,1,7.0
2223,4.115384615384615,10.320118343195265,1,11.0
2224,4.115384615384615,10.573372781065087,1,7.0
2225,4.115384615384615,10.573372781065087,1,11.0
2226,4.115384615384615,10.82662721893491,1,7.0
2227,4.115384615384615,10.82662721893491,1,11.0
2228,4.115384615384615,11.079881656804732,1,7.0
2229,4.115384615384615,11.079881656804732,1,11.0
2230,4.115384615384615,11.333136094674556,1,7.0
2231,4.115384615384615,11.333136094674556,1,11.0
2232,4.115384615384615,11.586390532544376,1,7.0
2233,4.115384615384615,11.586390532544376,1,11.0
2234,4.115384615384615,11.8396449704142,1,7.0
2235,4.115384615384615,11.8396449704142,1,11.0
2236,4.115384615384615,12.09289940828402,1,7.0
2237,4.115384615384615,12.09289940828402,1,11.0
2238,4.115384615384615,12.346153846153845,1,7.0
2239,4.115384615384615,12.346153846153845,1,11.0
2240,4.230769230769231,2.5384615384615383,1,7.0
2241,4.230769230769231,2.5384615384615383,1,11.0
2242,4.230769230769231,2.798816568047337,1,7.0
2243,4.230769230769231,2.798816568047337,1,11.0
2244,4.230769230769231,3.059171597633136,1,7.0
2245,4.230769230769231,3.059171597633136,1,11.0
2246,4.230769230769231,3.3195266272189348,1,7.0
2247,4.230769230769231,3.3195266272189348,1,11.0
2248,4.230769230769231,3.5798816568047336,1,7.0
2249,4.230769230769231,3.5798816568047336,1,11.0
2250,4.230769230769231,3.840236686390532,1,7.0
2251,4.230769230769231,3.840236686390532,1,11.0
2252,4.230769230769231,4.100591715976331,1,7.0
2253,4.230769230769231,4.100591715976331,1,11.0
2254,4.230769230769231,4.36094674556213,1,7.0
2255,4.230769230769231,4.36094674556213,1,11.0
2256,4.230769230769231,4.621301775147929,1,7.0
2257,4.230769230769231,4.621301775147929,1,11.0
2258,4.230769230769231,4.881656804733727,1,7.0
2259,4.230769230769231,4.881656804733727,1,11.0
2260,4.230769230769231,5.1420118343195265,1,7.0
2261,4.230769230769231,5.1420118343195265,1,11.0
2262,4.230769230769231,5.402366863905325,1,7.0
2263,4.230769230769231,5.402366863905325,1,11.0
2264,4.230769230769231,5.662721893491124,1,7.0
2265,4.230769230769231,5.662721893491124,1,11.0
2266,4.230769230769231,5.9230769230769225,1,7.0
2267,4.230769230769231,5.9230769230769225,1,11.0
2268,4.230769230769231,6.183431952662722,1,7.0
2269,4.230769230769231,6.183431952662722,1,11.0
2270,4.230769230769231,6.44378698224852,1,7.0
2271,4.230769230769231,6.44378698224852,1,11.0
2272,4.230769230769231,6.704142011834319,1,7.0
2273,4.230769230769231,6.704142011834319,1,11.0
2274,4.230769230769231,6.964497041420118,1,7.0
2275,4.230769230769231,6.964497041420118,1,11.0
2276,4.230769230769231,7.224852071005916,1,7.0
2277,4.230769230769231,7.224852071005916,1,11.0
2278,4.230769230769231,7.485207100591716,1,7.0
2279,4.230769230769231,7.485207100591716,1,11.0
2280,4.230769230769231,7.745562130177514,1,7.0
2281,4.230769230769231,7.745562130177514,1,11.0
2282,4.230769230769231,8.005917159763314,1,7.0
2283,4.230769230769231,8.005917159763314,1,11.0
2284,4.230769230769231,8.266272189349111,1,7.0
2285,4.230769230769231,8.266272189349111,1,11.0
2286,4.230769230769231,8.52662721893491,1,7.0
2287,4.230769230769231,8.52662721893491,1,11.0
2288,4.230769230769231,8.78698224852071,1,7.0
2289,4.230769230769231,8.78698224852071,1,11.0
2290,4.230769230769231,9.04733727810651,1,7.0
2291,4.230769230769231,9.04733727810651,1,11.0
2292,4.230769230769231,9.307692307692307,1,7.0
2293,4.230769230769231,9.307692307692307,1,11.0
2294,4.230769230769231,9.568047337278106,1,7.0
2295,4.230769230769231,9.568047337278106,1,11.0
2296,4.230769230769231,9.828402366863905,1,7.0
2297,4.230769230769231,9.828402366863905,1,11.0
2298,4.230769230769231,10.088757396449704,1,7.0
2299,4.230769230769231,10.088757396449704,1,11.0
2300,4.230769230769231,10.349112426035502,1,7.0
2301,4.230769230769231,10.349112426035502,1,11.0
2302,4.230769230769231,10.609467455621301,1,7.0
2303,4.230769230769231,10.609467455621301,1,11.0
2304,4.230769230769231,10.8698224852071,1,7.0
2305,4.230769230769231,10.8698224852071,1,11.0
2306,4.230769230769231,11.1301775147929,1,7.0
2307,4.230769230769231,11.1301775147929,1,11.0
2308,4.230769230769231,11.390532544378697,1,7.0
2309,4.230769230769231,11.390532544378697,1,11.0
2310,4.230769230769231,11.650887573964496,1,7.0
2311,4.230769230769231,11.650887573964496,1,11.0
2312,4.230769230769231,11.911242603550296,1,7.0
2313,4.230769230769231,11.911242603550296,1,11.0
2314,4.230769230769231,12.171597633136095,1,7.0
2315,4.230769230769231,12.171597633136095,1,11.0
2316,4.230769230769231,12.431952662721892,1,7.0
2317,4.230769230769231,12.431952662721892,1,11.0
2318,4.230769230769231,12.692307692307693,1,7.0
2319,4.230769230769231,12.692307692307693,1,11.0
2320,4.346153846153847,2.6076923076923078,1,7.0
2321,4.346153846153847,2.6076923076923078,1,11.0
2322,4.346153846153847,2.875147928994083,1,7.0
2323,4.346153846153847,2.875147928994083,1,11.0
2324,4.346153846153847,3.1426035502958585,1,7.0
2325,4.346153846153847,3.1426035502958585,1,11.0
2326,4.346153846153847,3.4100591715976334,1,7.0
2327,4.346153846153847,3.4100591715976334,1,11.0
2328,4.346153846153847,3.6775147928994087,1,7.0
2329,4.346153846153847,3.6775147928994087,1,11.0
2330,4.346153846153847,3.944970414201183,1,7.0
2331,4.346153846153847,3.944970414201183,1,11.0
2332,4.346153846153847,4.212426035502959,1,7.0
2333,4.346153846153847,4.212426035502959,1,11.0
2334,4.346153846153847,4.479881656804734,1,7.0
2335,4.346153846153847,4.479881656804734,1,11.0
2336,4.346153846153847,4.747337278106509,1,7.0
2337,4.346153846153847,4.747337278106509,1,11.0
2338,4.346153846153847,5.014792899408284,1,7.0
2339,4.346153846153847,5.014792899408284,1,11.0
2340,4.346153846153847,5.282248520710059,1,7.0
2341,4.346153846153847,5.282248520710059,1,11.0
2342,4.346153846153847,5.5497041420118345,1,7.0
2343,4.346153846153847,5.5497041420118345,1,11.0
2344,4.346153846153847,5.81715976331361,1,7.0
2345,4.346153846153847,5.81715976331361,1,11.0
2346,4.346153846153847,6.084615384615385,1,7.0
2347,4.346153846153847,6.084615384615385,1,11.0
2348,4.346153846153847,6.352071005917161,1,7.0
2349,4.346153846153847,6.352071005917161,1,11.0
2350,4.346153846153847,6.619526627218935,1,7.0
2351,4.346153846153847,6.619526627218935,1,11.0
2352,4.346153846153847,6.88698224852071,1,7.0
2353,4.346153846153847,6.88698224852071,1,11.0
2354,4.346153846153847,7.154437869822486,1,7.0
2355,4.346153846153847,7.154437869822486,1,11.0
2356,4.346153846153847,7.42189349112426,1,7.0
2357,4.346153846153847,7.42189349112426,1,11.0
2358,4.346153846153847,7.6893491124260365,1,7.0
2359,4.346153846153847,7.6893491124260365,1,11.0
2360,4.346153846153847,7.95680473372781,1,7.0
2361,4.346153846153847,7.95680473372781,1,11.0
2362,4.346153846153847,8.224260355029587,1,7.0
2363,4.346153846153847,8.224260355029587,1,11.0
2364,4.346153846153847,8.491715976331362,1,7.0
2365,4.346153846153847,8.491715976331362,1,11.0
2366,4.346153846153847,8.759171597633136,1,7.0
2367,4.346153846153847,8.759171597633136,1,11.0
2368,4.346153846153847,9.02662721893491,1,7.0
2369,4.346153846153847,9.02662721893491,1,11.0
2370,4.346153846153847,9.294082840236687,1,7.0
2371,4.346153846153847,9.294082840236687,1,11.0
2372,4.346153846153847,9.561538461538461,1,7.0
2373,4.346153846153847,9.561538461538461,1,11.0
2374,4.346153846153847,9.828994082840238,1,7.0
2375,4.346153846153847,9.828994082840238,1,11.0
2376,4.346153846153847,10.096449704142012,1,7.0
2377,4.346153846153847,10.096449704142012,1,11.0
2378,4.346153846153847,10.363905325443788,1,7.0
2379,4.346153846153847,10.363905325443788,1,11.0
2380,4.346153846153847,10.631360946745563,1,7.0
2381,4.346153846153847,10.631360946745563,1,11.0
2382,4.346153846153847,10.898816568047339,1,7.0
2383,4.346153846153847,10.898816568047339,1,11.0
2384,4.346153846153847,11.166272189349113,1,7.0
2385,4.346153846153847,11.166272189349113,1,11.0
2386,4.346153846153847,11.43372781065089,1,7.0
2387,4.346153846153847,11.43372781065089,1,11.0
2388,4.346153846153847,11.701183431952662,1,7.0
2389,4.346153846153847,11.701183431952662,1,11.0
2390,4.346153846153847,11.968639053254439,1,7.0
2391,4.346153846153847,11.968639053254439,1,11.0
2392,4.346153846153847,12.236094674556213,1,7.0
2393,4.346153846153847,12.236094674556213,1,11.0
2394,4.346153846153847,12.50355029585799,1,7.0
2395,4.346153846153847,12.50355029585799,1,11.0
2396,4.346153846153847,12.771005917159764,1,7.0
2397,4.346153846153847,12.771005917159764,1,11.0
2398,4.346153846153847,13.03846153846154,1,7.0
2399,4.346153846153847,13.03846153846154,1,11.0
2400,4.461538461538462,2.6769230769230767,1,7.0
2401,4.461538461538462,2.6769230769230767,1,11.0
2402,4.461538461538462,2.951479289940828,1,7.0
2403,4.461538461538462,2.951479289940828,1,11.0
2404,4.461538461538462,3.22603550295858,1,7.0
2405,4.461538461538462,3.22603550295858,1,11.0
2406,4.461538461538462,3.5005917159763316,1,7.0
2407,4.461538461538462,3.5005917159763316,1,11.0
2408,4.461538461538462,3.775147928994083,1,7.0
2409,4.461538461538462,3.775147928994083,1,11.0
2410,4.461538461538462,4.049704142011834,1,7.0
2411,4.461538461538462,4.049704142011834,1,11.0
2412,4.461538461538462,4.324260355029585,1,7.0
2413,4.461538461538462,4.324260355029585,1,11.0
2414,4.461538461538462,4.5988165680473365,1,7.0
2415,4.461538461538462,4.5988165680473365,1,11.0
2416,4.461538461538462,4.873372781065089,1,7.0
2417,4.461538461538462,4.873372781065089,1,11.0
2418,4.461538461538462,5.14792899408284,1,7.0
2419,4.461538461538462,5.14792899408284,1,11.0
2420,4.461538461538462,5.422485207100592,1,7.0
2421,4.461538461538462,5.422485207100592,1,11.0
2422,4.461538461538462,5.697041420118343,1,7.0
2423,4.461538461538462,5.697041420118343,1,11.0
2424,4.461538461538462,5.971597633136095,1,7.0
2425,4.461538461538462,5.971597633136095,1,11.0
2426,4.461538461538462,6.246153846153846,1,7.0
2427,4.461538461538462,6.246153846153846,1,11.0
2428,4.461538461538462,6.520710059171598,1,7.0
2429,4.461538461538462,6.520710059171598,1,11.0
2430,4.461538461538462,6.795266272189349,1,7.0
2431,4.461538461538462,6.795266272189349,1,11.0
2432,4.461538461538462,7.0698224852071005,1,7.0
2433,4.461538461538462,7.0698224852071005,1,11.0
2434,4.461538461538462,7.344378698224852,1,7.0
2435,4.461538461538462,7.344378698224852,1,11.0
2436,4.461538461538462,7.618934911242603,1,7.0
2437,4.461538461538462,7.618934911242603,1,11.0
2438,4.461538461538462,7.893491124260355,1,7.0
2439,4.461538461538462,7.893491124260355,1,11.0
2440,4.461538461538462,8.168047337278106,1,7.0
2441,4.461538461538462,8.168047337278106,1,11.0
2442,4.461538461538462,8.442603550295859,1,7.0
2443,4.461538461538462,8.442603550295859,1,11.0
2444,4.461538461538462,8.717159763313608,1,7.0
2445,4.461538461538462,8.717159763313608,1,11.0
2446,4.461538461538462,8.991715976331362,1,7.0
2447,4.461538461538462,8.991715976331362,1,11.0
2448,4.461538461538462,9.266272189349111,1,7.0
2449,4.461538461538462,9.266272189349111,1,11.0
2450,4.461538461538462,9.540828402366865,1,7.0
2451,4.461538461538462,9.540828402366865,1,11.0
2452,4.461538461538462,9.815384615384614,1,7.0
2453,4.461538461538462,9.815384615384614,1,11.0
2454,4.461538461538462,10.089940828402368,1,7.0
2455,4.461538461538462,10.089940828402368,1,11.0
2456,4.461538461538462,10.364497041420117,1,7.0
2457,4.461538461538462,10.364497041420117,1,11.0
2458,4.461538461538462,10.63905325443787,1,7.0
2459,4.461538461538462,10.63905325443787,1,11.0
2460,4.461538461538462,10.91360946745562,1,7.0
2461,4.461538461538462,10.91360946745562,1,11.0
2462,4.461538461538462,11.188165680473373,1,7.0
2463,4.461538461538462,11.188165680473373,1,11.0
2464,4.461538461538462,11.462721893491123,1,7.0
2465,4.461538461538462,11.462721893491123,1,11.0
2466,4.461538461538462,11.737278106508876,1,7.0
2467,4.461538461538462,11.737278106508876,1,11.0
2468,4.461538461538462,12.011834319526626,1,7.0
2469,4.461538461538462,12.011834319526626,1,11.0
2470,4.461538461538462,12.28639053254438,1,7.0
2471,4.461538461538462,12.28639053254438,1,11.0
2472,4.461538461538462,12.560946745562129,1,7.0
2473,4.461538461538462,12.560946745562129,1,11.0
2474,4.461538461538462,12.835502958579882,1,7.0
2475,4.461538461538462,12.835502958579882,1,11.0
2476,4.461538461538462,13.110059171597632,1,7.0
2477,4.461538461538462,13.110059171597632,1,11.0
2478,4.461538461538462,13.384615384615385,1,7.0
2479,4.461538461538462,13.384615384615385,1,11.0
2480,4.576923076923077,2.7461538461538457,1,7.0
2481,4.576923076923077,2.7461538461538457,1,11.0
2482,4.576923076923077,3.0278106508875737,1,7.0
2483,4.576923076923077,3.0278106508875737,1,11.0
2484,4.576923076923077,3.3094674556213013,1,7.0
2485,4.576923076923077,3.3094674556213013,1,11.0
2486,4.576923076923077,3.5911242603550293,1,7.0
2487,4.576923076923077,3.5911242603550293,1,11.0
2488,4.576923076923077,3.8727810650887573,1,7.0
2489,4.576923076923077,3.8727810650887573,1,11.0
2490,4.576923076923077,4.154437869822485,1,7.0
2491,4.576923076923077,4.154437869822485,1,11.0
2492,4.576923076923077,4.436094674556212,1,7.0
2493,4.576923076923077,4.436094674556212,1,11.0
2494,4.576923076923077,4.71775147928994,1,7.0
2495,4.576923076923077,4.71775147928994,1,11.0
2496,4.576923076923077,4.9994082840236675,1,7.0
2497,4.576923076923077,4.9994082840236675,1,11.0
2498,4.576923076923077,5.281065088757396,1,7.0
2499,4.576923076923077,5.281065088757396,1,11.0
2500,4.576923076923077,5.562721893491124,1,7.0
2501,4.576923076923077,5.562721893491124,1,11.0
2502,4.576923076923077,5.844378698224851,1,7.0
2503,4.576923076923077,5.844378698224851,1,11.0
2504,4.576923076923077,6.126035502958579,1,7.0
2505,4.576923076923077,6.126035502958579,1,11.0
2506,4.576923076923077,6.407692307692307,1,7.0
2507,4.576923076923077,6.407692307692307,1,11.0
2508,4.576923076923077,6.689349112426035,1,7.0
2509,4.576923076923077,6.689349112426035,1,11.0
2510,4.576923076923077,6.971005917159762,1,7.0
2511,4.576923076923077,6.971005917159762,1,11.0
2512,4.576923076923077,7.252662721893491,1,7.0
2513,4.576923076923077,7.252662721893491,1,11.0
2514,4.576923076923077,7.534319526627218,1,7.0
2515,4.576923076923077,7.534319526627218,1,11.0
2516,4.576923076923077,7.815976331360945,1,7.0
2517,4.576923076923077,7.815976331360945,1,11.0
2518,4.576923076923077,8.097633136094673,1,7.0
2519,4.576923076923077,8.097633136094673,1,11.0
2520,4.576923076923077,8.3792899408284,1,7.0
2521,4.576923076923077,8.3792899408284,1,11.0
2522,4.576923076923077,8.660946745562129,1,7.0
2523,4.576923076923077,8.660946745562129,1,11.0
2524,4.576923076923077,8.942603550295857,1,7.0
2525,4.576923076923077,8.942603550295857,1,11.0
2526,4.576923076923077,9.224260355029585,1,7.0
2527,4.576923076923077,9.224260355029585,1,11.0
2528,4.576923076923077,9.505917159763312,1,7.0
2529,4.576923076923077,9.505917159763312,1,11.0
2530,4.576923076923077,9.78757396449704,1,7.0
2531,4.576923076923077,9.78757396449704,1,11.0
2532,4.576923076923077,10.069230769230767,1,7.0
2533,4.576923076923077,10.069230769230767,1,11.0
2534,4.576923076923077,10.350887573964496,1,7.0
2535,4.576923076923077,10.350887573964496,1,11.0
2536,4.576923076923077,10.632544378698222,1,7.0
2537,4.576923076923077,10.632544378698222,1,11.0
2538,4.576923076923077,10.914201183431953,1,7.0
2539,4.576923076923077,10.914201183431953,1,11.0
2540,4.576923076923077,11.19585798816568,1,7.0
2541,4.576923076923077,11.19585798816568,1,11.0
2542,4.576923076923077,11.477514792899408,1,7.0
2543,4.576923076923077,11.477514792899408,1,11.0
2544,4.576923076923077,11.759171597633134,1,7.0
2545,4.576923076923077,11.759171597633134,1,11.0
2546,4.576923076923077,12.040828402366863,1,7.0
2547,4.576923076923077,12.040828402366863,1,11.0
2548,4.576923076923077,12.32248520710059,1,7.0
2549,4.576923076923077,12.32248520710059,1,11.0
2550,4.576923076923077,12.604142011834318,1,7.0
2551,4.576923076923077,12.604142011834318,1,11.0
2552,4.576923076923077,12.885798816568046,1,7.0
2553,4.576923076923077,12.885798816568046,1,11.0
2554,4.576923076923077,13.167455621301775,1,7.0
2555,4.576923076923077,13.167455621301775,1,11.0
2556,4.576923076923077,13.449112426035501,1,7.0
2557,4.576923076923077,13.449112426035501,1,11.0
2558,4.576923076923077,13.73076923076923,1,7.0
2559,4.576923076923077,13.73076923076923,1,11.0
2560,4.6923076923076925,2.8153846153846156,1,7.0
2561,4.6923076923076925,2.8153846153846156,1,11.0
2562,4.6923076923076925,3.1041420118343197,1,7.0
2563,4.6923076923076925,3.1041420118343197,1,11.0
2564,4.6923076923076925,3.392899408284024,1,7.0
2565,4.6923076923076925,3.392899408284024,1,11.0
2566,4.6923076923076925,3.681656804733728,1,7.0
2567,4.6923076923076925,3.681656804733728,1,11.0
2568,4.6923076923076925,3.970414201183432,1,7.0
2569,4.6923076923076925,3.970414201183432,1,11.0
2570,4.6923076923076925,4.259171597633136,1,7.0
2571,4.6923076923076925,4.259171597633136,1,11.0
2572,4.6923076923076925,4.54792899408284,1,7.0
2573,4.6923076923076925,4.54792899408284,1,11.0
2574,4.6923076923076925,4.836686390532544,1,7.0
2575,4.6923076923076925,4.836686390532544,1,11.0
2576,4.6923076923076925,5.125443786982248,1,7.0
2577,4.6923076923076925,5.125443786982248,1,11.0
2578,4.6923076923076925,5.414201183431953,1,7.0
2579,4.6923076923076925,5.414201183431953,1,11.0
2580,4.6923076923076925,5.702958579881656,1,7.0
2581,4.6923076923076925,5.702958579881656,1,11.0
2582,4.6923076923076925,5.991715976331361,1,7.0
2583,4.6923076923076925,5.991715976331361,1,11.0
2584,4.6923076923076925,6.280473372781065,1,7.0
2585,4.6923076923076925,6.280473372781065,1,11.0
2586,4.6923076923076925,6.569230769230769,1,7.0
2587,4.6923076923076925,6.569230769230769,1,11.0
2588,4.6923076923076925,6.8579881656804735,1,7.0
2589,4.6923076923076925,6.8579881656804735,1,11.0
2590,4.6923076923076925,7.146745562130177,1,7.0
2591,4.6923076923076925,7.146745562130177,1,11.0
2592,4.6923076923076925,7.435502958579882,1,7.0
2593,4.6923076923076925,7.435502958579882,1,11.0
2594,4.6923076923076925,7.724260355029585,1,7.0
2595,4.6923076923076925,7.724260355029585,1,11.0
2596,4.6923076923076925,8.013017751479289,1,7.0
2597,4.6923076923076925,8.013017751479289,1,11.0
2598,4.6923076923076925,8.301775147928995,1,7.0
2599,4.6923076923076925,8.301775147928995,1,11.0
2600,4.6923076923076925,8.590532544378696,1,7.0
2601,4.6923076923076925,8.590532544378696,1,11.0
2602,4.6923076923076925,8.879289940828402,1,7.0
2603,4.6923076923076925,8.879289940828402,1,11.0
2604,4.6923076923076925,9.168047337278106,1,7.0
2605,4.6923076923076925,9.168047337278106,1,11.0
2606,4.6923076923076925,9.456804733727811,1,7.0
2607,4.6923076923076925,9.456804733727811,1,11.0
2608,4.6923076923076925,9.745562130177515,1,7.0
2609,4.6923076923076925,9.745562130177515,1,11.0
2610,4.6923076923076925,10.034319526627218,1,7.0
2611,4.6923076923076925,10.034319526627218,1,11.0
2612,4.6923076923076925,10.323076923076922,1,7.0
2613,4.6923076923076925,10.323076923076922,1,11.0
2614,4.6923076923076925,10.611834319526627,1,7.0
2615,4.6923076923076925,10.611834319526627,1,11.0
2616,4.6923076923076925,10.900591715976331,1,7.0
2617,4.6923076923076925,10.900591715976331,1,11.0
2618,4.6923076923076925,11.189349112426036,1,7.0
2619,4.6923076923076925,11.189349112426036,1,11.0
2620,4.6923076923076925,11.478106508875738,1,7.0
2621,4.6923076923076925,11.478106508875738,1,11.0
2622,4.6923076923076925,11.766863905325444,1,7.0
2623,4.6923076923076925,11.766863905325444,1,11.0
2624,4.6923076923076925,12.055621301775147,1,7.0
2625,4.6923076923076925,12.055621301775147,1,11.0
2626,4.6923076923076925,12.344378698224853,1,7.0
2627,4.6923076923076925,12.344378698224853,1,11.0
2628,4.6923076923076925,12.633136094674555,1,7.0
2629,4.6923076923076925,12.633136094674555,1,11.0
2630,4.6923076923076925,12.92189349112426,1,7.0
2631,4.6923076923076925,12.92189349112426,1,11.0
2632,4.6923076923076925,13.210650887573964,1,7.0
2633,4.6923076923076925,13.210650887573964,1,11.0
2634,4.6923076923076925,13.49940828402367,1,7.0
2635,4.6923076923076925,13.49940828402367,1,11.0
2636,4.6923076923076925,13.788165680473373,1,7.0
2637,4.6923076923076925,13.788165680473373,1,11.0
2638,4.6923076923076925,14.076923076923077,1,7.0
2639,4.6923076923076925,14.076923076923077,1,11.0
2640,4.807692307692308,2.884615384615385,1,7.0
2641,4.807692307692308,2.884615384615385,1,11.0
2642,4.807692307692308,3.1804733727810652,1,7.0
2643,4.807692307692308,3.1804733727810652,1,11.0
2644,4.807692307692308,3.476331360946746,1,7.0
2645,4.807692307692308,3.476331360946746,1,11.0
2646,4.807692307692308,3.7721893491124265,1,7.0
2647,4.807692307692308,3.7721893491124265,1,11.0
2648,4.807692307692308,4.068047337278107,1,7.0
2649,4.807692307692308,4.068047337278107,1,11.0
2650,4.807692307692308,4.363905325443787,1,7.0
2651,4.807692307692308,4.363905325443787,1,11.0
2652,4.807692307692308,4.659763313609467,1,7.0
2653,4.807692307692308,4.659763313609467,1,11.0
2654,4.807692307692308,4.955621301775148,1,7.0
2655,4.807692307692308,4.955621301775148,1,11.0
2656,4.807692307692308,5.2514792899408285,1,7.0
2657,4.807692307692308,5.2514792899408285,1,11.0
2658,4.807692307692308,5.547337278106509,1,7.0
2659,4.807692307692308,5.547337278106509,1,11.0
2660,4.807692307692308,5.84319526627219,1,7.0
2661,4.807692307692308,5.84319526627219,1,11.0
2662,4.807692307692308,6.13905325443787,1,7.0
2663,4.807692307692308,6.13905325443787,1,11.0
2664,4.807692307692308,6.434911242603551,1,7.0
2665,4.807692307692308,6.434911242603551,1,11.0
2666,4.807692307692308,6.730769230769232,1,7.0
2667,4.807692307692308,6.730769230769232,1,11.0
2668,4.807692307692308,7.0266272189349115,1,7.0
2669,4.807692307692308,7.0266272189349115,1,11.0
2670,4.807692307692308,7.322485207100592,1,7.0
2671,4.807692307692308,7.322485207100592,1,11.0
2672,4.807692307692308,7.618343195266273,1,7.0
2673,4.807692307692308,7.618343195266273,1,11.0
2674,4.807692307692308,7.9142011834319534,1,7.0
2675,4.807692307692308,7.9142011834319534,1,11.0
2676,4.807692307692308,8.210059171597633,1,7.0
2677,4.807692307692308,8.210059171597633,1,11.0
2678,4.807692307692308,8.505917159763314,1,7.0
2679,4.807692307692308,8.505917159763314,1,11.0
2680,4.807692307692308,8.801775147928995,1,7.0
2681,4.807692307692308,8.801775147928995,1,11.0
2682,4.807692307692308,9.097633136094675,1,7.0
2683,4.807692307692308,9.097633136094675,1,11.0
2684,4.807692307692308,9.393491124260356,1,7.0
2685,4.807692307692308,9.393491124260356,1,11.0
2686,4.807692307692308,9.689349112426036,1,7.0
2687,4.807692307692308,9.689349112426036,1,11.0
2688,4.807692307692308,9.985207100591715,1,7.0
2689,4.807692307692308,9.985207100591715,1,11.0
2690,4.807692307692308,10.281065088757398,1,7.0
2691,4.807692307692308,10.281065088757398,1,11.0
2692,4.807692307692308,10.576923076923077,1,7.0
2693,4.807692307692308,10.576923076923077,1,11.0
2694,4.807692307692308,10.872781065088759,1,7.0
2695,4.807692307692308,10.872781065088759,1,11.0
2696,4.807692307692308,11.168639053254438,1,7.0
2697,4.807692307692308,11.168639053254438,1,11.0
2698,4.807692307692308,11.46449704142012,1,7.0
2699,4.807692307692308,11.46449704142012,1,11.0
2700,4.807692307692308,11.7603550295858,1,7.0
2701,4.807692307692308,11.7603550295858,1,11.0
2702,4.807692307692308,12.056213017751482,1,7.0
2703,4.807692307692308,12.056213017751482,1,11.0
2704,4.807692307692308,12.35207100591716,1,7.0
2705,4.807692307692308,12.35207100591716,1,11.0
2706,4.807692307692308,12.647928994082841,1,7.0
2707,4.807692307692308,12.647928994082841,1,11.0
2708,4.807692307692308,12.943786982248522,1,7.0
2709,4.807692307692308,12.943786982248522,1,11.0
2710,4.807692307692308,13.239644970414203,1,7.0
2711,4.807692307692308,13.239644970414203,1,11.0
2712,4.807692307692308,13.535502958579883,1,7.0
2713,4.807692307692308,13.535502958579883,1,11.0
2714,4.807692307692308,13.831360946745564,1,7.0
2715,4.807692307692308,13.831360946745564,1,11.0
2716,4.807692307692308,14.127218934911243,1,7.0
2717,4.807692307692308,14.127218934911243,1,11.0
2718,4.807692307692308,14.423076923076925,1,7.0
2719,4.807692307692308,14.423076923076925,1,11.0
2720,4.923076923076923,2.953846153846154,1,7.0
2721,4.923076923076923,2.953846153846154,1,11.0
2722,4.923076923076923,3.2568047337278108,1,7.0
2723,4.923076923076923,3.2568047337278108,1,11.0
2724,4.923076923076923,3.5597633136094675,1,7.0
2725,4.923076923076923,3.5597633136094675,1,11.0
2726,4.923076923076923,3.8627218934911243,1,7.0
2727,4.923076923076923,3.8627218934911243,1,11.0
2728,4.923076923076923,4.165680473372781,1,7.0
2729,4.923076923076923,4.165680473372781,1,11.0
2730,4.923076923076923,4.468639053254438,1,7.0
2731,4.923076923076923,4.468639053254438,1,11.0
2732,4.923076923076923,4.7715976331360945,1,7.0
2733,4.923076923076923,4.7715976331360945,1,11.0
2734,4.923076923076923,5.074556213017751,1,7.0
2735,4.923076923076923,5.074556213017751,1,11.0
2736,4.923076923076923,5.377514792899408,1,7.0
2737,4.923076923076923,5.377514792899408,1,11.0
2738,4.923076923076923,5.680473372781065,1,7.0
2739,4.923076923076923,5.680473372781065,1,11.0
2740,4.923076923076923,5.9834319526627215,1,7.0
2741,4.923076923076923,5.9834319526627215,1,11.0
2742,4.923076923076923,6.286390532544378,1,7.0
2743,4.923076923076923,6.286390532544378,1,11.0
2744,4.923076923076923,6.589349112426035,1,7.0
2745,4.923076923076923,6.589349112426035,1,11.0
2746,4.923076923076923,6.892307692307693,1,7.0
2747,4.923076923076923,6.892307692307693,1,11.0
2748,4.923076923076923,7.195266272189349,1,7.0
2749,4.923076923076923,7.195266272189349,1,11.0
2750,4.923076923076923,7.498224852071006,1,7.0
2751,4.923076923076923,7.498224852071006,1,11.0
2752,4.923076923076923,7.801183431952663,1,7.0
2753,4.923076923076923,7.801183431952663,1,11.0
2754,4.923076923076923,8.10414201183432,1,7.0
2755,4.923076923076923,8.10414201183432,1,11.0
2756,4.923076923076923,8.407100591715976,1,7.0
2757,4.923076923076923,8.407100591715976,1,11.0
2758,4.923076923076923,8.710059171597633,1,7.0
2759,4.923076923076923,8.710059171597633,1,11.0
2760,4.923076923076923,9.013017751479289,1,7.0
2761,4.923076923076923,9.013017751479289,1,11.0
2762,4.923076923076923,9.315976331360947,1,7.0
2763,4.923076923076923,9.315976331360947,1,11.0
2764,4.923076923076923,9.618934911242603,1,7.0
2765,4.923076923076923,9.618934911242603,1,11.0
2766,4.923076923076923,9.92189349112426,1,7.0
2767,4.923076923076923,9.92189349112426,1,11.0
2768,4.923076923076923,10.224852071005916,1,7.0
2769,4.923076923076923,10.224852071005916,1,11.0
2770,4.923076923076923,10.527810650887574,1,7.0
2771,4.923076923076923,10.527810650887574,1,11.0
2772,4.923076923076923,10.83076923076923,1,7.0
2773,4.923076923076923,10.83076923076923,1,11.0
2774,4.923076923076923,11.133727810650887,1,7.0
2775,4.923076923076923,11.133727810650887,1,11.0
2776,4.923076923076923,11.436686390532543,1,7.0
2777,4.923076923076923,11.436686390532543,1,11.0
2778,4.923076923076923,11.739644970414203,1,7.0
2779,4.923076923076923,11.739644970414203,1,11.0
2780,4.923076923076923,12.042603550295857,1,7.0
2781,4.923076923076923,12.042603550295857,1,11.0
2782,4.923076923076923,12.345562130177516,1,7.0
2783,4.923076923076923,12.345562130177516,1,11.0
2784,4.923076923076923,12.648520710059172,1,7.0
2785,4.923076923076923,12.648520710059172,1,11.0
2786,4.923076923076923,12.95147928994083,1,7.0
2787,4.923076923076923,12.95147928994083,1,11.0
2788,4.923076923076923,13.254437869822485,1,7.0
2789,4.923076923076923,13.254437869822485,1,11.0
2790,4.923076923076923,13.557396449704143,1,7.0
2791,4.923076923076923,13.557396449704143,1,11.0
2792,4.923076923076923,13.860355029585799,1,7.0
2793,4.923076923076923,13.860355029585799,1,11.0
2794,4.923076923076923,14.163313609467457,1,7.0
2795,4.923076923076923,14.163313609467457,1,11.0
2796,4.923076923076923,14.466272189349112,1,7.0
2797,4.923076923076923,14.466272189349112,1,11.0
2798,4.923076923076923,14.76923076923077,1,7.0
2799,4.923076923076923,14.76923076923077,1,11.0
2800,5.038461538461538,3.023076923076923,1,7.0
2801,5.038461538461538,3.023076923076923,1,11.0
2802,5.038461538461538,3.333136094674556,1,7.0
2803,5.038461538461538,3.333136094674556,1,11.0
2804,5.038461538461538,3.643195266272189,1,7.0
2805,5.038461538461538,3.643195266272189,1,11.0
2806,5.038461538461538,3.9532544378698224,1,7.0
2807,5.038461538461538,3.9532544378698224,1,11.0
2808,5.038461538461538,4.263313609467455,1,7.0
2809,5.038461538461538,4.263313609467455,1,11.0
2810,5.038461538461538,4.573372781065088,1,7.0
2811,5.038461538461538,4.573372781065088,1,11.0
2812,5.038461538461538,4.883431952662721,1,7.0
2813,5.038461538461538,4.883431952662721,1,11.0
2814,5.038461538461538,5.193491124260355,1,7.0
2815,5.038461538461538,5.193491124260355,1,11.0
2816,5.038461538461538,5.503550295857988,1,7.0
2817,5.038461538461538,5.503550295857988,1,11.0
2818,5.038461538461538,5.8136094674556205,1,7.0
2819,5.038461538461538,5.8136094674556205,1,11.0
2820,5.038461538461538,6.123668639053254,1,7.0
2821,5.038461538461538,6.123668639053254,1,11.0
2822,5.038461538461538,6.433727810650887,1,7.0
2823,5.038461538461538,6.433727810650887,1,11.0
2824,5.038461538461538,6.74378698224852,1,7.0
2825,5.038461538461538,6.74378698224852,1,11.0
2826,5.038461538461538,7.053846153846153,1,7.0
2827,5.038461538461538,7.053846153846153,1,11.0
2828,5.038461538461538,7.3639053254437865,1,7.0
2829,5.038461538461538,7.3639053254437865,1,11.0
2830,5.038461538461538,7.673964497041419,1,7.0
2831,5.038461538461538,7.673964497041419,1,11.0
2832,5.038461538461538,7.984023668639052,1,7.0
2833,5.038461538461538,7.984023668639052,1,11.0
2834,5.038461538461538,8.294082840236685,1,7.0
2835,5.038461538461538,8.294082840236685,1,11.0
2836,5.038461538461538,8.604142011834318,1,7.0
2837,5.038461538461538,8.604142011834318,1,11.0
2838,5.038461538461538,8.914201183431953,1,7.0
2839,5.038461538461538,8.914201183431953,1,11.0
2840,5.038461538461538,9.224260355029584,1,7.0
2841,5.038461538461538,9.224260355029584,1,11.0
2842,5.038461538461538,9.534319526627218,1,7.0
2843,5.038461538461538,9.534319526627218,1,11.0
2844,5.038461538461538,9.844378698224851,1,7.0
2845,5.038461538461538,9.844378698224851,1,11.0
2846,5.038461538461538,10.154437869822484,1,7.0
2847,5.038461538461538,10.154437869822484,1,11.0
2848,5.038461538461538,10.464497041420117,1,7.0
2849,5.038461538461538,10.464497041420117,1,11.0
2850,5.038461538461538,10.774556213017751,1,7.0
2851,5.038461538461538,10.774556213017751,1,11.0
2852,5.038461538461538,11.084615384615383,1,7.0
2853,5.038461538461538,11.084615384615383,1,11.0
2854,5.038461538461538,11.394674556213017,1,7.0
2855,5.038461538461538,11.394674556213017,1,11.0
2856,5.038461538461538,11.70473372781065,1,7.0
2857,5.038461538461538,11.70473372781065,1,11.0
2858,5.038461538461538,12.014792899408283,1,7.0
2859,5.038461538461538,12.014792899408283,1,11.0
2860,5.038461538461538,12.324852071005916,1,7.0
2861,5.038461538461538,12.324852071005916,1,11.0
2862,5.038461538461538,12.63491124260355,1,7.0
2863,5.038461538461538,12.63491124260355,1,11.0
2864,5.038461538461538,12.944970414201181,1,7.0
2865,5.038461538461538,12.944970414201181,1,11.0
2866,5.038461538461538,13.255029585798816,1,7.0
2867,5.038461538461538,13.255029585798816,1,11.0
2868,5.038461538461538,13.565088757396449,1,7.0
2869,5.038461538461538,13.565088757396449,1,11.0
2870,5.038461538461538,13.875147928994082,1,7.0
2871,5.038461538461538,13.875147928994082,1,11.0
2872,5.038461538461538,14.185207100591715,1,7.0
2873,5.038461538461538,14.185207100591715,1,11.0
2874,5.038461538461538,14.49526627218935,1,7.0
2875,5.038461538461538,14.49526627218935,1,11.0
2876,5.038461538461538,14.80532544378698,1,7.0
2877,5.038461538461538,14.80532544378698,1,11.0
2878,5.038461538461538,15.115384615384615,1,7.0
2879,5.038461538461538,15.115384615384615,1,11.0
2880,5.153846153846154,3.0923076923076924,1,7.0
2881,5.153846153846154,3.0923076923076924,1,11.0
2882,5.153846153846154,3.409467455621302,1,7.0
2883,5.153846153846154,3.409467455621302,1,11.0
2884,5.153846153846154,3.7266272189349112,1,7.0
2885,5.153846153846154,3.7266272189349112,1,11.0
2886,5.153846153846154,4.043786982248521,1,7.0
2887,5.153846153846154,4.043786982248521,1,11.0
2888,5.153846153846154,4.3609467455621305,1,7.0
2889,5.153846153846154,4.3609467455621305,1,11.0
2890,5.153846153846154,4.678106508875739,1,7.0
2891,5.153846153846154,4.678106508875739,1,11.0
2892,5.153846153846154,4.995266272189349,1,7.0
2893,5.153846153846154,4.995266272189349,1,11.0
2894,5.153846153846154,5.312426035502958,1,7.0
2895,5.153846153846154,5.312426035502958,1,11.0
2896,5.153846153846154,5.629585798816568,1,7.0
2897,5.153846153846154,5.629585798816568,1,11.0
2898,5.153846153846154,5.946745562130177,1,7.0
2899,5.153846153846154,5.946745562130177,1,11.0
2900,5.153846153846154,6.263905325443787,1,7.0
2901,5.153846153846154,6.263905325443787,1,11.0
2902,5.153846153846154,6.581065088757397,1,7.0
2903,5.153846153846154,6.581065088757397,1,11.0
2904,5.153846153846154,6.898224852071006,1,7.0
2905,5.153846153846154,6.898224852071006,1,11.0
2906,5.153846153846154,7.2153846153846155,1,7.0
2907,5.153846153846154,7.2153846153846155,1,11.0
2908,5.153846153846154,7.532544378698225,1,7.0
2909,5.153846153846154,7.532544378698225,1,11.0
2910,5.153846153846154,7.849704142011834,1,7.0
2911,5.153846153846154,7.849704142011834,1,11.0
2912,5.153846153846154,8.166863905325444,1,7.0
2913,5.153846153846154,8.166863905325444,1,11.0
2914,5.153846153846154,8.484023668639054,1,7.0
2915,5.153846153846154,8.484023668639054,1,11.0
2916,5.153846153846154,8.801183431952662,1,7.0
2917,5.153846153846154,8.801183431952662,1,11.0
2918,5.153846153846154,9.118343195266272,1,7.0
2919,5.153846153846154,9.118343195266272,1,11.0
2920,5.153846153846154,9.43550295857988,1,7.0
2921,5.153846153846154,9.43550295857988,1,11.0
2922,5.153846153846154,9.752662721893492,1,7.0
2923,5.153846153846154,9.752662721893492,1,11.0
2924,5.153846153846154,10.0698224852071,1,7.0
2925,5.153846153846154,10.0698224852071,1,11.0
2926,5.153846153846154,10.386982248520711,1,7.0
2927,5.153846153846154,10.386982248520711,1,11.0
2928,5.153846153846154,10.70414201183432,1,7.0
2929,5.153846153846154,10.70414201183432,1,11.0
2930,5.153846153846154,11.02130177514793,1,7.0
2931,5.153846153846154,11.02130177514793,1,11.0
2932,5.153846153846154,11.338461538461537,1,7.0
2933,5.153846153846154,11.338461538461537,1,11.0
2934,5.153846153846154,11.655621301775149,1,7.0
2935,5.153846153846154,11.655621301775149,1,11.0
2936,5.153846153846154,11.972781065088757,1,7.0
2937,5.153846153846154,11.972781065088757,1,11.0
2938,5.153846153846154,12.289940828402367,1,7.0
2939,5.153846153846154,12.289940828402367,1,11.0
2940,5.153846153846154,12.607100591715977,1,7.0
2941,5.153846153846154,12.607100591715977,1,11.0
2942,5.153846153846154,12.924260355029586,1,7.0
2943,5.153846153846154,12.924260355029586,1,11.0
2944,5.153846153846154,13.241420118343195,1,7.0
2945,5.153846153846154,13.241420118343195,1,11.0
2946,5.153846153846154,13.558579881656806,1,7.0
2947,5.153846153846154,13.558579881656806,1,11.0
2948,5.153846153846154,13.875739644970414,1,7.0
2949,5.153846153846154,13.875739644970414,1,11.0
2950,5.153846153846154,14.192899408284024,1,7.0
2951,5.153846153846154,14.192899408284024,1,11.0
2952,5.153846153846154,14.510059171597632,1,7.0
2953,5.153846153846154,14.510059171597632,1,11.0
2954,5.153846153846154,14.827218934911244,1,7.0
2955,5.153846153846154,14.827218934911244,1,11.0
2956,5.153846153846154,15.144378698224852,1,7.0
2957,5.153846153846154,15.144378698224852,1,11.0
2958,5.153846153846154,15.461538461538463,1,7.0
2959,5.153846153846154,15.461538461538463,1,11.0
2960,5.269230769230769,3.1615384615384614,1,7.0
2961,5.269230769230769,3.1615384615384614,1,11.0
2962,5.269230769230769,3.4857988165680474,1,7.0
2963,5.269230769230769,3.4857988165680474,1,11.0
2964,5.269230769230769,3.810059171597633,1,7.0
2965,5.269230769230769,3.810059171597633,1,11.0
2966,5.269230769230769,4.134319526627219,1,7.0
2967,5.269230769230769,4.134319526627219,1,11.0
2968,5.269230769230769,4.458579881656805,1,7.0
2969,5.269230769230769,4.458579881656805,1,11.0
2970,5.269230769230769,4.78284023668639,1,7.0
2971,5.269230769230769,4.78284023668639,1,11.0
2972,5.269230769230769,5.107100591715976,1,7.0
2973,5.269230769230769,5.107100591715976,1,11.0
2974,5.269230769230769,5.431360946745562,1,7.0
2975,5.269230769230769,5.431360946745562,1,11.0
2976,5.269230769230769,5.755621301775148,1,7.0
2977,5.269230769230769,5.755621301775148,1,11.0
2978,5.269230769230769,6.079881656804733,1,7.0
2979,5.269230769230769,6.079881656804733,1,11.0
2980,5.269230769230769,6.404142011834319,1,7.0
2981,5.269230769230769,6.404142011834319,1,11.0
2982,5.269230769230769,6.728402366863905,1,7.0
2983,5.269230769230769,6.728402366863905,1,11.0
2984,5.269230769230769,7.0526627218934905,1,7.0
2985,5.269230769230769,7.0526627218934905,1,11.0
2986,5.269230769230769,7.3769230769230765,1,7.0
2987,5.269230769230769,7.3769230769230765,1,11.0
2988,5.269230769230769,7.701183431952662,1,7.0
2989,5.269230769230769,7.701183431952662,1,11.0
2990,5.269230769230769,8.025443786982247,1,7.0
2991,5.269230769230769,8.025443786982247,1,11.0
2992,5.269230769230769,8.349704142011834,1,7.0
2993,5.269230769230769,8.349704142011834,1,11.0
2994,5.269230769230769,8.67396449704142,1,7.0
2995,5.269230769230769,8.67396449704142,1,11.0
2996,5.269230769230769,8.998224852071004,1,7.0
2997,5.269230769230769,8.998224852071004,1,11.0
2998,5.269230769230769,9.322485207100591,1,7.0
2999,5.269230769230769,9.322485207100591,1,11.0
3000,5.269230769230769,9.646745562130176,1,7.0
3001,5.269230769230769,9.646745562130176,1,11.0
3002,5.269230769230769,9.971005917159763,1,7.0
3003,5.269230769230769,9.971005917159763,1,11.0
3004,5.269230769230769,10.295266272189348,1,7.0
3005,5.269230769230769,10.295266272189348,1,11.0
3006,5.269230769230769,10.619526627218935,1,7.0
3007,5.269230769230769,10.619526627218935,1,11.0
3008,5.269230769230769,10.943786982248518,1,7.0
3009,5.269230769230769,10.943786982248518,1,11.0
3010,5.269230769230769,11.268047337278107,1,7.0
3011,5.269230769230769,11.268047337278107,1,11.0
3012,5.269230769230769,11.59230769230769,1,7.0
3013,5.269230769230769,11.59230769230769,1,11.0
3014,5.269230769230769,11.916568047337277,1,7.0
3015,5.269230769230769,11.916568047337277,1,11.0
3016,5.269230769230769,12.240828402366862,1,7.0
3017,5.269230769230769,12.240828402366862,1,11.0
3018,5.269230769230769,12.565088757396449,1,7.0
3019,5.269230769230769,12.565088757396449,1,11.0
3020,5.269230769230769,12.889349112426034,1,7.0
3021,5.269230769230769,12.889349112426034,1,11.0
3022,5.269230769230769,13.21360946745562,1,7.0
3023,5.269230769230769,13.21360946745562,1,11.0
3024,5.269230769230769,13.537869822485206,1,7.0
3025,5.269230769230769,13.537869822485206,1,11.0
3026,5.269230769230769,13.862130177514793,1,7.0
3027,5.269230769230769,13.862130177514793,1,11.0
3028,5.269230769230769,14.186390532544378,1,7.0
3029,5.269230769230769,14.186390532544378,1,11.0
3030,5.269230769230769,14.510650887573965,1,7.0
3031,5.269230769230769,14.510650887573965,1,11.0
3032,5.269230769230769,14.83491124260355,1,7.0
3033,5.269230769230769,14.83491124260355,1,11.0
3034,5.269230769230769,15.159171597633136,1,7.0
3035,5.269230769230769,15.159171597633136,1,11.0
3036,5.269230769230769,15.48343195266272,1,7.0
3037,5.269230769230769,15.48343195266272,1,11.0
3038,5.269230769230769,15.807692307692307,1,7.0
3039,5.269230769230769,15.807692307692307,1,11.0
3040,5.384615384615385,3.230769230769231,1,7.0
3041,5.384615384615385,3.230769230769231,1,11.0
3042,5.384615384615385,3.562130177514793,1,7.0
3043,5.384615384615385,3.562130177514793,1,11.0
3044,5.384615384615385,3.8934911242603554,1,7.0
3045,5.384615384615385,3.8934911242603554,1,11.0
3046,5.384615384615385,4.224852071005917,1,7.0
3047,5.384615384615385,4.224852071005917,1,11.0
3048,5.384615384615385,4.55621301775148,1,7.0
3049,5.384615384615385,4.55621301775148,1,11.0
3050,5.384615384615385,4.887573964497041,1,7.0
3051,5.384615384615385,4.887573964497041,1,11.0
3052,5.384615384615385,5.218934911242603,1,7.0
3053,5.384615384615385,5.218934911242603,1,11.0
3054,5.384615384615385,5.550295857988165,1,7.0
3055,5.384615384615385,5.550295857988165,1,11.0
3056,5.384615384615385,5.881656804733728,1,7.0
3057,5.384615384615385,5.881656804733728,1,11.0
3058,5.384615384615385,6.21301775147929,1,7.0
3059,5.384615384615385,6.21301775147929,1,11.0
3060,5.384615384615385,6.544378698224852,1,7.0
3061,5.384615384615385,6.544378698224852,1,11.0
3062,5.384615384615385,6.875739644970414,1,7.0
3063,5.384615384615385,6.875739644970414,1,11.0
3064,5.384615384615385,7.207100591715976,1,7.0
3065,5.384615384615385,7.207100591715976,1,11.0
3066,5.384615384615385,7.538461538461538,1,7.0
3067,5.384615384615385,7.538461538461538,1,11.0
3068,5.384615384615385,7.8698224852071,1,7.0
3069,5.384615384615385,7.8698224852071,1,11.0
3070,5.384615384615385,8.201183431952662,1,7.0
3071,5.384615384615385,8.201183431952662,1,11.0
3072,5.384615384615385,8.532544378698224,1,7.0
3073,5.384615384615385,8.532544378698224,1,11.0
3074,5.384615384615385,8.863905325443787,1,7.0
3075,5.384615384615385,8.863905325443787,1,11.0
3076,5.384615384615385,9.195266272189349,1,7.0
3077,5.384615384615385,9.195266272189349,1,11.0
3078,5.384615384615385,9.526627218934912,1,7.0
3079,5.384615384615385,9.526627218934912,1,11.0
3080,5.384615384615385,9.857988165680473,1,7.0
3081,5.384615384615385,9.857988165680473,1,11.0
3082,5.384615384615385,10.189349112426036,1,7.0
3083,5.384615384615385,10.189349112426036,1,11.0
3084,5.384615384615385,10.520710059171597,1,7.0
3085,5.384615384615385,10.520710059171597,1,11.0
3086,5.384615384615385,10.85207100591716,1,7.0
3087,5.384615384615385,10.85207100591716,1,11.0
3088,5.384615384615385,11.18343195266272,1,7.0
3089,5.384615384615385,11.18343195266272,1,11.0
3090,5.384615384615385,11.514792899408285,1,7.0
3091,5.384615384615385,11.514792899408285,1,11.0
3092,5.384615384615385,11.846153846153845,1,7.0
3093,5.384615384615385,11.846153846153845,1,11.0
3094,5.384615384615385,12.177514792899409,1,7.0
3095,5.384615384615385,12.177514792899409,1,11.0
3096,5.384615384615385,12.50887573964497,1,7.0
3097,5.384615384615385,12.50887573964497,1,11.0
3098,5.384615384615385,12.840236686390533,1,7.0
3099,5.384615384615385,12.840236686390533,1,11.0
3100,5.384615384615385,13.171597633136095,1,7.0
3101,5.384615384615385,13.171597633136095,1,11.0
3102,5.384615384615385,13.502958579881657,1,7.0
3103,5.384615384615385,13.502958579881657,1,11.0
3104,5.384615384615385,13.834319526627219,1,7.0
3105,5.384615384615385,13.834319526627219,1,11.0
3106,5.384615384615385,14.165680473372783,1,7.0
3107,5.384615384615385,14.165680473372783,1,11.0
3108,5.384615384615385,14.497041420118343,1,7.0
3109,5.384615384615385,14.497041420118343,1,11.0
3110,5.384615384615385,14.828402366863907,1,7.0
3111,5.384615384615385,14.828402366863907,1,11.0
3112,5.384615384615385,15.159763313609467,1,7.0
3113,5.384615384615385,15.159763313609467,1,11.0
3114,5.384615384615385,15.491124260355031,1,7.0
3115,5.384615384615385,15.491124260355031,1,11.0
3116,5.384615384615385,15.822485207100591,1,7.0
3117,5.384615384615385,15.822485207100591,1,11.0
3118,5.384615384615385,16.153846153846153,1,7.0
3119,5.384615384615385,16.153846153846153,1,11.0
3120,5.5,3.3,1,7.0
3121,5.5,3.3,1,11.0
3122,5.5,3.6384615384615384,1,7.0
3123,5.5,3.6384615384615384,1,11.0
3124,5.5,3.976923076923077,1,7.0
3125,5.5,3.976923076923077,1,11.0
3126,5.5,4.315384615384615,1,7.0
3127,5.5,4.315384615384615,1,11.0
3128,5.5,4.653846153846154,1,7.0
3129,5.5,4.653846153846154,1,11.0
3130,5.5,4.9923076923076914,1,7.0
3131,5.5,4.9923076923076914,1,11.0
3132,5.5,5.3307692307692305,1,7.0
3133,5.5,5.3307692307692305,1,11.0
3134,5.5,5.669230769230769,1,7.0
3135,5.5,5.669230769230769,1,11.0
3136,5.5,6.007692307692307,1,7.0
3137,5.5,6.007692307692307,1,11.0
3138,5.5,6.346153846153846,1,7.0
3139,5.5,6.346153846153846,1,11.0
3140,5.5,6.684615384615384,1,7.0
3141,5.5,6.684615384615384,1,11.0
3142,5.5,7.023076923076923,1,7.0
3143,5.5,7.023076923076923,1,11.0
3144,5.5,7.361538461538461,1,7.0
3145,5.5,7.361538461538461,1,11.0
3146,5.5,7.699999999999999,1,7.0
3147,5.5,7.699999999999999,1,11.0
3148,5.5,8.038461538461538,1,7.0
3149,5.5,8.038461538461538,1,11.0
3150,5.5,8.376923076923077,1,7.0
3151,5.5,8.376923076923077,1,11.0
3152,5.5,8.715384615384615,1,7.0
3153,5.5,8.715384615384615,1,11.0
3154,5.5,9.053846153846154,1,7.0
3155,5.5,9.053846153846154,1,11.0
3156,5.5,9.392307692307691,1,7.0
3157,5.5,9.392307692307691,1,11.0
3158,5.5,9.73076923076923,1,7.0
3159,5.5,9.73076923076923,1,11.0
3160,5.5,10.069230769230767,1,7.0
3161,5.5,10.069230769230767,1,11.0
3162,5.5,10.407692307692308,1,7.0
3163,5.5,10.407692307692308,1,11.0
3164,5.5,10.746153846153845,1,7.0
3165,5.5,10.746153846153845,1,11.0
3166,5.5,11.084615384615384,1,7.0
3167,5.5,11.084615384615384,1,11.0
3168,5.5,11.423076923076922,1,7.0
3169,5.5,11.423076923076922,1,11.0
3170,5.5,11.76153846153846,1,7.0
3171,5.5,11.76153846153846,1,11.0
3172,5.5,12.099999999999998,1,7.0
3173,5.5,12.099999999999998,1,11.0
3174,5.5,12.438461538461539,1,7.0
3175,5.5,12.438461538461539,1,11.0
3176,5.5,12.776923076923076,1,7.0
3177,5.5,12.776923076923076,1,11.0
3178,5.5,13.115384615384615,1,7.0
3179,5.5,13.115384615384615,1,11.0
3180,5.5,13.453846153846152,1,7.0
3181,5.5,13.453846153846152,1,11.0
3182,5.5,13.792307692307691,1,7.0
3183,5.5,13.792307692307691,1,11.0
3184,5.5,14.130769230769229,1,7.0
3185,5.5,14.130769230769229,1,11.0
3186,5.5,14.46923076923077,1,7.0
3187,5.5,14.46923076923077,1,11.0
3188,5.5,14.807692307692307,1,7.0
3189,5.5,14.807692307692307,1,11.0
3190,5.5,15.146153846153846,1,7.0
3191,5.5,15.146153846153846,1,11.0
3192,5.5,15.484615384615383,1,7.0
3193,5.5,15.484615384615383,1,11.0
3194,5.5,15.823076923076924,1,7.0
3195,5.5,15.823076923076924,1,11.0
3196,5.5,16.16153846153846,1,7.0
3197,5.5,16.16153846153846,1,11.0
3198,5.5,16.5,1,7.0
3199,5.5,16.5,1,11.0
